✔ [4/11] Built Batteries.Control.ForInStep.Basic (323ms)
✔ [5/16] Built Batteries.Control.ForInStep.Lemmas (306ms)
✔ [6/16] Built Batteries.CodeAction.Deprecated (922ms)
✔ [7/16] Built Batteries.Lean.Syntax (244ms)
✔ [8/16] Built Batteries.Tactic.Lint.Basic (871ms)
✔ [9/16] Built Batteries.Tactic.Lint.Misc (907ms)
✔ [10/16] Built Batteries.Tactic.Alias (1.6s)
✔ [11/20] Built Batteries.Util.ProofWanted (2.2s)
✔ [12/21] Built Mathlib.Tactic.Linter.DirectoryDependency (1.3s)
✔ [13/22] Built Batteries.Data.List.Basic (3.5s)
✔ [14/23] Built Mathlib.Tactic.Linter.Header (1.3s)
✔ [15/24] Built Mathlib.Tactic.Linter.AuxLemma (529ms)
✔ [16/24] Built Mathlib.Tactic.Lemma (374ms)
✔ [17/24] Built Mathlib.Tactic.AdaptationNote (685ms)
✔ [18/24] Built Mathlib.Lean.Linter (411ms)
✔ [19/25] Built Mathlib.Tactic.Linter.DeprecatedSyntaxLinter (1.1s)
✔ [20/26] Built Mathlib.Tactic.Linter.DocPrime (1.2s)
✔ [21/27] Built Mathlib.Tactic.Linter.DocString (1.1s)
✔ [22/28] Built Mathlib.Tactic.Linter.EmptyLine (793ms)
✔ [23/29] Built Batteries.Data.List.Lemmas (7.6s)
✔ [24/29] Built Mathlib.Tactic.Linter.GlobalAttributeIn (541ms)
✔ [25/30] Built Mathlib.Tactic.Linter.HashCommandLinter (713ms)
✔ [26/31] Built Batteries.Data.List.Count (1.5s)
✔ [27/31] Built Mathlib.Tactic.Linter.Multigoal (612ms)
✔ [28/31] Built Mathlib.Tactic.Linter.FlexibleLinter (1.7s)
✔ [29/34] Built Mathlib.Tactic.Linter.OldObtain (644ms)
✔ [30/34] Built Mathlib.Lean.Elab.Tactic.Meta (454ms)
✔ [31/34] Built Batteries.Lean.Position (350ms)
✔ [32/36] Built Batteries.Data.List.Perm (1.7s)
✔ [33/39] Built Mathlib.Lean.ContextInfo (633ms)
✔ [34/40] Built Mathlib.Lean.Environment (396ms)
✔ [35/41] Built Mathlib.Lean.Expr.Basic (1.1s)
✔ [36/42] Built Mathlib.Lean.Elab.InfoTree (521ms)
✔ [37/42] Built Mathlib.Tactic.Linter.PrivateModule (569ms)
✔ [38/42] Built Mathlib.Tactic.Linter.TacticDocumentation (434ms)
✔ [39/44] Built Mathlib.Tactic.Linter.UnusedTacticExtension (565ms)
✔ [40/46] Built Mathlib.Tactic.Linter.UnusedInstancesInType (959ms)
✔ [41/47] Built Batteries.Tactic.Unreachable (408ms)
✔ [42/47] Built Mathlib.Tactic.DeclarationNames (427ms)
✔ [43/47] Built Mathlib.Tactic.Linter.OverlappingInstances (1.5s)
✔ [44/47] Built Mathlib.Tactic.Linter.UnusedTactic (794ms)
✔ [45/48] Built Mathlib.Tactic.Linter.Whitespace (1.1s)
✔ [46/50] Built Mathlib.Tactic.Linter.Style (1.9s)
✔ [47/52] Built Mathlib.Tactic.TacticAnalysis (1.1s)
✔ [49/58] Built Batteries.Lean.Meta.Inaccessible (384ms)
✔ [50/59] Built ImportGraph.Imports.ImportGraph (337ms)
✔ [51/59] Built ImportGraph.Lean.Environment (278ms)
✔ [52/59] Built ImportGraph.Imports.Redundant (382ms)
✔ [53/59] Built Mathlib.Util.ParseCommand (535ms)
✔ [54/61] Built Mathlib.Tactic.TypeStar (452ms)
✔ [55/61] Built ImportGraph.Imports.RequiredModules (739ms)
✔ [56/63] Built Batteries.Util.LibraryNote (658ms)
✔ [57/64] Built Mathlib.Tactic.MinImports (1.1s)
✔ [58/64] Built ImportGraph.Graph.TransitiveClosure (276ms)
✔ [59/65] Built Mathlib.Tactic.ExtractGoal (1.0s)
✔ [60/65] Built Batteries.Tactic.HelpCmd (2.3s)
✔ [61/65] Built ImportGraph.Tools.ImportDiff (570ms)
✔ [62/67] Built ImportGraph.Tools.FindHome (768ms)
✔ [63/67] Built ImportGraph.Tools.MinImports (478ms)
✔ [64/67] Built ImportGraph.Tools.RedundantImports (416ms)
✔ [65/70] Built ImportGraph.Tools (330ms)
✔ [66/75] Built Mathlib.Tactic.TacticAnalysis.Declarations (2.7s)
✔ [67/75] Built Batteries.Tactic.OpenPrivate (1.1s)
✔ [68/75] Built Batteries.Tactic.Lint.TypeClass (503ms)
✔ [69/76] Built Batteries.Tactic.Lint.Simp (1.1s)
✔ [70/79] Built Batteries.Util.ExtendedBinder (732ms)
✔ [71/80] Built Batteries.Tactic.Lint.Frontend (1.6s)
✔ [72/80] Built Batteries.Lean.NameMapAttribute (433ms)
✔ [73/81] Built Batteries.Tactic.Lint (329ms)
✔ [74/81] Built Mathlib.Tactic.Linter.Lint (738ms)
✔ [75/83] Built Mathlib.Init (596ms)
✔ [76/83] Built Mathlib.Tactic.Translate.Attributes (428ms)
✔ [77/83] Built Batteries.Tactic.Trans (2.6s)
✔ [78/83] Built Mathlib.Tactic.Eqns (456ms)
✔ [79/84] Built Mathlib.Data.Nat.Notation (471ms)
✔ [80/90] Built Mathlib.Lean.Meta.Simp (822ms)
✔ [81/92] Built Mathlib.Data.String.Defs (444ms)
✔ [82/92] Built Mathlib.Tactic.Translate.UnfoldBoundary (1.5s)
✔ [83/92] Built Mathlib.Tactic.Translate.GuessName (1.0s)
✔ [84/92] Built Mathlib.Tactic.Translate.Reorder (2.8s)
✔ [85/96] Built Mathlib.Tactic.Attr.Register (962ms)
✔ [86/98] Built Mathlib.Tactic.ToExpr (584ms)
✔ [87/98] Built Mathlib.Util.CompileInductive (1.8s)
✔ [88/98] Built Mathlib.Tactic.FBinop (1.6s)
✔ [89/98] Built Batteries.Logic (419ms)
✔ [90/99] Built Mathlib.Data.SProd (522ms)
✔ [91/104] Built Batteries.Control.Lemmas (310ms)
✔ [92/104] Built Mathlib.Tactic.Translate.Core (6.8s)
✔ [93/104] Built Batteries.Control.LawfulMonadState (909ms)
✔ [94/104] Built Mathlib.Logic.OpClass (466ms)
✔ [95/105] Built Batteries.Control.OptionT (473ms)
✔ [96/106] Built Mathlib.Tactic.Translate.TagUnfoldBoundary (869ms)
✔ [97/106] Built Batteries.Control.AlternativeMonad (680ms)
✔ [98/107] Built Mathlib.Tactic.Translate.ToDual (1.1s)
✔ [99/107] Built Mathlib.Logic.Basic (1.9s)
✔ [100/107] Built Mathlib.Data.List.Monad (576ms)
✔ [101/108] Built Mathlib.Logic.Function.Defs (906ms)
✔ [102/108] Built Mathlib.Tactic.ToDual (561ms)
✔ [103/111] Built Mathlib.Logic.ExistsUnique (1.1s)
✔ [104/111] Built Mathlib.Logic.Nonempty (703ms)
✔ [105/111] Built Mathlib.Tactic.Push.Attr (920ms)
✔ [106/111] Built Mathlib.Data.Set.Defs (1.3s)
✔ [107/114] Built Mathlib.Logic.Nontrivial.Defs (525ms)
✔ [108/115] Built Batteries.Tactic.Init (1.0s)
✔ [109/117] Built Mathlib.Control.Functor (887ms)
✔ [110/117] Built Mathlib.Tactic.ExtendDoc (744ms)
✔ [111/118] Built Mathlib.Logic.IsEmpty.Defs (501ms)
✔ [112/118] Built Mathlib.Order.Defs.Unbundled (1.1s)
✔ [113/118] Built Mathlib.Tactic.Inhabit (732ms)
✔ [115/119] Built Mathlib.Data.List.Defs (1.4s)
✔ [116/122] Built Aesop.Script.Tactic (476ms)
✔ [117/122] Built Mathlib.Logic.Function.Basic (1.0s)
✔ [118/122] Built Batteries.Lean.Meta.Basic (425ms)
✔ [119/122] Built Aesop.Script.GoalWithMVars (306ms)
✔ [120/123] Built Aesop.Script.TacticState (499ms)
✔ [121/128] Built Mathlib.Logic.Unique (652ms)
✔ [122/129] Built Aesop.Nanos (339ms)
✔ [123/129] Built Aesop.Index.DiscrTreeConfig (285ms)
✔ [124/131] Built Batteries.Tactic.PermuteGoals (517ms)
✔ [125/135] Built Batteries.Data.Array.Merge (1.1s)
✔ [126/137] Built Batteries.Lean.MonadBacktrack (292ms)
✔ [127/137] Built Aesop.Util.UnorderedArraySet (442ms)
✔ [128/137] Built Batteries.Lean.Meta.SavedState (327ms)
✔ [129/137] Built Aesop.Check (457ms)
✔ [130/138] Built Aesop.Util.Basic (1.8s)
✔ [131/140] Built Aesop.Tracing (935ms)
✔ [132/141] Built Aesop.Rule.Name (563ms)
✔ [133/142] Built Aesop.Util.EqualUpToIds (4.5s)
✔ [134/142] Built Aesop.Script.Util (447ms)
✔ [135/142] Built Aesop.Options.Public (490ms)
✔ [136/142] Built Aesop.Options.Internal (307ms)
✔ [137/143] Built Aesop.Script.OptimizeSyntax (576ms)
✔ [138/147] Built Aesop.Script.Step (965ms)
✔ [139/147] Built Aesop.Stats.Basic (1.2s)
✔ [140/147] Built Aesop.Script.UScript (420ms)
✔ [141/147] Built Aesop.Script.SScript (465ms)
✔ [142/151] Built Aesop.Script.Check (425ms)
✔ [143/152] Built Aesop.Forward.LevelIndex (279ms)
✔ [144/152] Built Aesop.Forward.PremiseIndex (295ms)
✔ [145/152] Built Aesop.Script.UScriptToSScript (1.1s)
✔ [146/152] Built Aesop.Percent (341ms)
✔ [147/152] Built Aesop.Forward.Substitution (986ms)
✔ [148/156] Built Aesop.Script.StructureStatic (902ms)
✔ [149/156] Built Aesop.Index.Basic (545ms)
✔ [150/156] Built Aesop.RulePattern.Cache (318ms)
✔ [151/156] Built Aesop.BaseM (387ms)
✔ [152/157] Built Aesop.Script.StructureDynamic (1.7s)
✔ [153/158] Built Aesop.Script.Main (599ms)
✔ [154/159] Built Aesop.RuleTac.GoalDiff (1.1s)
✔ [155/159] Built Aesop.Forward.SlotIndex (298ms)
✔ [156/159] Built Aesop.RuleTac.Basic (585ms)
✔ [157/160] Built Aesop.Util.UnionFind (431ms)
✔ [158/170] Built Aesop.RulePattern (1.4s)
✔ [159/173] Built Batteries.Lean.TagAttribute (278ms)
✔ [160/173] Built Batteries.Linter.UnreachableTactic (685ms)
✔ [161/177] Built Batteries.Lean.AttributeExtra (369ms)
✔ [162/177] Built Batteries.Tactic.SeqFocus (601ms)
✔ [163/177] Built Aesop.RuleTac.RuleTerm (344ms)
✔ [164/179] Built Aesop.Script.CtorNames (558ms)
✔ [165/180] Built Batteries.Linter.UnnecessarySeqFocus (1.1s)
✔ [166/181] Built Aesop.ElabM (362ms)
✔ [167/181] Built Batteries.Linter (308ms)
✔ [168/182] Built Aesop.Util.Tactic.Ext (698ms)
✔ [169/182] Built Aesop.RuleTac.ElabRuleTerm (600ms)
✔ [170/182] Built Aesop.Script.ScriptM (435ms)
✔ [171/185] Built Batteries.Tactic.Basic (379ms)
✔ [172/186] Built Aesop.Util.Tactic (323ms)
✔ [173/189] Built Batteries.Classes.Order (601ms)
✔ [174/189] Built Aesop.Util.Unfold (645ms)
✔ [175/189] Built Aesop.RuleTac.Forward.Basic (580ms)
✔ [176/191] Built Batteries.Data.UInt (712ms)
✔ [177/191] Built Batteries.Lean.Meta.UnusedNames (380ms)
✔ [178/191] Built Aesop.Util.Tactic.Unfold (644ms)
✔ [179/191] Built Aesop.Constants (231ms)
✔ [180/195] Built Batteries.Data.Array.Basic (2.9s)
✔ [181/195] Built Aesop.Script.SpecificTactics (2.0s)
✔ [182/196] Built Aesop.EMap (735ms)
✔ [183/200] Built Aesop.Util.OrderedHashSet (335ms)
✔ [184/201] Built Aesop.Forward.RuleInfo (1.1s)
✔ [185/201] Built Batteries.Lean.Meta.Expr (258ms)
✔ [186/203] Built Batteries.Lean.PersistentHashMap (301ms)
✔ [187/203] Built Aesop.Rule.Forward (401ms)
✔ [188/204] Built Batteries.Lean.Meta.InstantiateMVars (321ms)
✔ [189/204] Built Batteries.Lean.Meta.DiscrTree (311ms)
✔ [190/204] Built Batteries.Lean.PersistentHashSet (343ms)
✔ [191/206] Built Aesop.Forward.Match.Types (515ms)
✔ [192/208] Built Aesop.Index.RulePattern (808ms)
✔ [193/208] Built Aesop.Index.Forward (597ms)
✔ [194/212] Built Aesop.RuleTac.Descr (402ms)
✔ [195/212] Built Aesop.RuleSet.Name (265ms)
✔ [196/216] Built Aesop.Rule.Basic (383ms)
✔ [197/216] Built Aesop.RuleSet.Filter (341ms)
✔ [198/216] Built Batteries.Lean.HashSet (314ms)
✔ [199/217] Built Aesop.Rule (544ms)
✔ [200/217] Built Aesop.Index (1.1s)
✔ [201/217] Built Aesop.RuleSet.Member (401ms)
✔ [202/218] Built Aesop.Tree.UnsafeQueue (433ms)
✔ [203/219] Built Aesop.RuleTac.Apply (557ms)
✔ [204/220] Built Aesop.Forward.Match (1.5s)
✔ [205/222] Built Aesop.RuleTac.Cases (750ms)
✔ [206/222] Built Aesop.Tree.Data.ForwardRuleMatches (460ms)
✔ [207/222] Built Aesop.RuleTac.Forward (1.8s)
✔ [208/223] Built Aesop.RuleTac.Preprocess (346ms)
✔ [209/223] Built Aesop.RuleTac.Tactic (672ms)
✔ [210/224] Built Aesop.RuleSet (2.9s)
✔ [211/224] Built Aesop.Search.Expansion.Basic (474ms)
✔ [212/226] Built Aesop.RuleTac (330ms)
✔ [213/227] Built Aesop.Forward.State (5.7s)
✔ [214/227] Built Aesop.Search.Expansion.Simp (492ms)
✔ [215/227] Built Aesop.Forward.State.ApplyGoalDiff (575ms)
✔ [216/231] Built Aesop.Tree.Data (1.5s)
✔ [217/231] Built Aesop.Forward.State.Initial (598ms)
✔ [218/232] Built Aesop.Tree.RunMetaM (465ms)
✔ [219/232] Built Aesop.Tree.Traversal (469ms)
✔ [220/232] Built Aesop.Search.Queue.Class (335ms)
✔ [221/233] Built Aesop.Tree.TreeM (721ms)
✔ [222/233] Built Aesop.Exception (357ms)
✔ [223/234] Built Aesop.Tree.State (627ms)
✔ [224/234] Built Aesop.Search.SearchM (638ms)
✔ [225/234] Built Aesop.Forward.State.UpdateGoal (465ms)
✔ [226/235] Built Aesop.Tree.ExtractProof (1.0s)
✔ [227/235] Built Aesop.Tree.AddRapp (2.7s)
✔ [228/235] Built Aesop.Tree.Check (1.2s)
✔ [229/235] Built Aesop.Search.RuleSelection (561ms)
✔ [230/235] Built Aesop.Tree.ExtractScript (1.3s)
✔ [231/237] Built Aesop.Tree.Tracing (1.3s)
✔ [232/239] Built Aesop.Frontend.Extension.Init (360ms)
✔ [233/240] Built Aesop.Frontend.Extension (624ms)
✔ [234/242] Built Aesop.Search.Expansion.Norm (3.3s)
✔ [235/242] Built Aesop.Tree.Free (402ms)
✔ [236/242] Built Aesop.Search.Expansion (2.2s)
✔ [237/242] Built Batteries.Data.BinomialHeap.Basic (4.2s)
✔ [238/242] Built Aesop.Tree.Stats (531ms)
✔ [239/245] Built Aesop.Search.Queue (525ms)
✔ [240/245] Built Aesop.Builder.Basic (495ms)
✔ [241/246] Built Batteries.Lean.Expr (466ms)
✔ [242/247] Built Aesop.Search.ExpandSafePrefix (1.0s)
✔ [243/248] Built Aesop.Builder.Cases (461ms)
✔ [244/248] Built Aesop.Builder.Constructors (426ms)
✔ [245/250] Built Aesop.Builder.NormSimp (472ms)
✔ [246/251] Built Aesop.Builder.Tactic (489ms)
✔ [247/254] Built Aesop.Builder.Apply (440ms)
✔ [248/254] Built Aesop.Builder.Forward (1.6s)
✔ [249/255] Built Aesop.Builder.Default (401ms)
✔ [250/257] Built Aesop.Builder.Unfold (450ms)
✔ [251/257] Built Aesop.Search.Main (4.1s)
✔ [252/257] Built Aesop.Stats.Extension (388ms)
✔ [253/261] Built Aesop.Stats.File (401ms)
✔ [254/261] Built Aesop.Frontend.Basic (331ms)
✔ [255/264] Built Aesop.Stats.Report (662ms)
✔ [256/265] Built Aesop.Frontend.RuleExpr (2.3s)
✔ [257/266] Built Aesop.Frontend.Command (1.3s)
✔ [258/266] Built Aesop.Frontend.Attribute (675ms)
✔ [259/267] Built Aesop.Frontend.Tactic (1.2s)
✔ [260/267] Built Aesop.BuiltinRules.ApplyHyps (605ms)
✔ [261/268] Built Aesop.BuiltinRules.Assumption (733ms)
✔ [262/268] Built Aesop.Main (1.1s)
✔ [263/269] Built Aesop.Saturate (7.2s)
✔ [264/269] Built Aesop.BuiltinRules.DestructProducts (753ms)
✔ [265/270] Built Aesop.BuiltinRules.Ext (562ms)
✔ [266/275] Built Aesop.Frontend.Saturate (1.1s)
✔ [267/275] Built Aesop.BuiltinRules.Intros (500ms)
✔ [268/275] Built Aesop.BuiltinRules.Rfl (415ms)
✔ [269/275] Built Aesop.BuiltinRules.Split (526ms)
✔ [270/277] Built Aesop.Frontend (368ms)
✔ [272/279] Built Aesop.BuiltinRules.Subst (711ms)
✔ [273/279] Built Qq.ForLean.ReduceEval (495ms)
✔ [274/281] Built Aesop.BuiltinRules (413ms)
✔ [275/281] Built Qq.ForLean.ToExpr (365ms)
✔ [276/284] Built Aesop (377ms)
✔ [277/284] Built Qq.Typ (374ms)
✔ [278/286] Built Qq.ForLean.Do (449ms)
✔ [279/292] Built Qq.SortLocalDecls (448ms)
✔ [281/292] Built Plausible.Random (542ms)
✔ [282/295] Built Plausible.Gen (733ms)
✔ [283/296] Built Plausible.Arbitrary (529ms)
✔ [284/297] Built Plausible.Shrinkable (400ms)
✔ [285/298] Built Plausible.Sampleable (594ms)
✔ [286/299] Built Plausible.Functions (491ms)
✔ [287/299] Built Qq.Macro (4.9s)
✔ [288/299] Built Plausible.Attr (301ms)
✔ [289/301] Built Plausible.Testable (1.7s)
✔ [290/303] Built Qq.Commands (991ms)
✔ [291/303] Built Plausible.Tactic (774ms)
✔ [292/304] Built Plausible.ArbitraryFueled (248ms)
✔ [293/304] Built Qq.Delab (1.5s)
✔ [294/305] Built Plausible.DeriveShrinkable (1.6s)
✔ [295/305] Built Plausible.DeriveArbitrary (1.7s)
✔ [296/305] Built Qq.MetaM (609ms)
✔ [297/305] Built Batteries.Tactic.Case (1.6s)
✔ [298/306] Built Plausible (358ms)
✔ [299/306] Built Qq.AssertInstancesCommute (1.1s)
✔ [300/306] Built Qq.MatchImpl (417ms)
✔ [301/307] Built Qq.Simp (394ms)
✔ [302/307] Built Batteries.CodeAction.Attr (760ms)
✔ [303/308] Built Batteries.Tactic.GeneralizeProofs (3.0s)
✔ [304/311] Built Batteries.CodeAction.Basic (759ms)
✔ [305/311] Built Batteries.CodeAction.Misc (2.3s)
✔ [307/311] Built Batteries.CodeAction.Match (997ms)
✔ [308/313] Built Batteries.CodeAction (343ms)
✔ [309/316] Built Qq.Match (4.0s)
✔ [310/316] Built LeanSearchClient.Basic (273ms)
✔ [311/316] Built Qq (339ms)
✔ [312/319] Built Mathlib.Tactic.ApplyCongr (683ms)
✔ [313/319] Built Mathlib.Lean.Meta.Basic (697ms)
✔ [314/319] Built LeanSearchClient.Syntax (1.9s)
✔ [315/321] Built Mathlib.Tactic.ApplyWith (699ms)
✔ [316/321] Built Mathlib.Tactic.ApplyAt (699ms)
✔ [317/321] Built Mathlib.Tactic.PPWithUniv (726ms)
✔ [318/322] Built LeanSearchClient.LoogleSyntax (1.3s)
✔ [319/325] Built LeanSearchClient (350ms)
✔ [320/326] Built Mathlib.Tactic.Basic (1.1s)
✔ [321/328] Built Mathlib.Util.AtLocation (826ms)
✔ [322/329] Built Mathlib.Tactic.Conv (1.4s)
✔ [323/329] Built Mathlib.Tactic.CasesM (1.1s)
✔ [324/330] Built Mathlib.Tactic.Check (1.0s)
✔ [325/331] Built Mathlib.Tactic.Choose (1.5s)
✔ [326/332] Built Mathlib.Tactic.ClearExclamation (496ms)
✔ [327/333] Built Mathlib.Tactic.Push (2.6s)
✔ [328/333] Built Mathlib.Tactic.ClearExcept (571ms)
✔ [329/333] Built Mathlib.Tactic.Clear_ (577ms)
✔ [330/333] Built Mathlib.Tactic.ByContra (738ms)
✔ [331/335] Built Mathlib.Tactic.ByCases (604ms)
✔ [332/339] Built Mathlib.Tactic.Coe (705ms)
✔ [333/340] Built Mathlib.Tactic.Constructor (499ms)
✔ [334/343] Built Mathlib.Tactic.Contrapose (879ms)
✔ [335/344] Built Mathlib.Lean.Meta.CongrTheorems (1.8s)
✔ [336/344] Built Mathlib.Lean.MessageData.Trace (504ms)
✔ [337/345] Built Mathlib.Tactic.DefEqTransformations (1.6s)
✔ [338/345] Built Mathlib.Tactic.TermCongr (2.9s)
✔ [339/346] Built Mathlib.Tactic.CongrExclamation (2.5s)
✔ [340/346] Built Mathlib.Tactic.DeprecateTo (1.1s)
✔ [341/346] Built Mathlib.Tactic.DefEqAbuse (1.7s)
✔ [342/347] Built Mathlib.Tactic.CongrM (722ms)
✔ [343/347] Built Mathlib.Tactic.DepRewrite (3.6s)
✔ [344/349] Built Mathlib.Tactic.Convert (2.0s)
✔ [345/349] Built Mathlib.Tactic.DSimpPercent (582ms)
✔ [346/349] Built Mathlib.Tactic.ExistsI (460ms)
✔ [347/351] Built Mathlib.Tactic.ErwQuestion (1.0s)
✔ [348/352] Built Mathlib.Tactic.FailIfNoProgress (1.1s)
✔ [349/353] Built Batteries.Util.Cache (653ms)
✔ [350/355] Built Mathlib.Tactic.Find (747ms)
✔ [351/355] Built Mathlib.Tactic.FunProp.Decl (1.0s)
✔ [352/355] Built Mathlib.Tactic.FunProp.Mor (693ms)
✔ [353/358] Built Mathlib.Tactic.FunProp.ToBatteries (1.2s)
✔ [354/361] Built Mathlib.Lean.Meta.RefinedDiscrTree.Basic (1.0s)
✔ [355/362] Built Mathlib.Tactic.FunProp.FunctionData (1.2s)
✔ [356/362] Built Mathlib.Lean.Meta.RefinedDiscrTree.Initialize (1.3s)
✔ [357/362] Built Mathlib.Lean.Meta.RefinedDiscrTree.Encode (1.0s)
✔ [358/366] Built Mathlib.Tactic.FunProp.Types (805ms)
✔ [359/368] Built Batteries.Tactic.Exact (412ms)
✔ [360/371] Built Batteries.Lean.Except (354ms)
✔ [361/371] Built Mathlib.Lean.Meta.RefinedDiscrTree.Lookup (1.4s)
✔ [362/371] Built Mathlib.Tactic.Core (1.1s)
✔ [363/371] Built Mathlib.Tactic.GCongr.ForwardAttr (597ms)
✔ [364/375] Built Mathlib.Tactic.FunProp.Theorems (1.5s)
✔ [365/375] Built Mathlib.Tactic.GCongr.Core (4.7s)
✔ [366/375] Built Mathlib.Tactic.FunProp.Attr (623ms)
✔ [367/375] Built Batteries.Data.MLList.Basic (832ms)
✔ [368/375] Built Mathlib.Tactic.GCongr.CoreAttrs (422ms)
✔ [369/378] Built Mathlib.Tactic.FunProp.Core (5.4s)
✔ [370/379] Built Batteries.Control.Nondet.Basic (477ms)
✔ [371/379] Built Mathlib.Tactic.FunProp.Elab (1.3s)
✔ [372/380] Built Mathlib.Tactic.Hint (825ms)
✔ [373/380] Built Mathlib.Tactic.GuardGoalNums (474ms)
✔ [374/380] Built Mathlib.Tactic.FunProp (510ms)
✔ [375/381] Built Mathlib.Tactic.GCongr (455ms)
✔ [376/382] Built Mathlib.Tactic.GuardHypNums (479ms)
✔ [377/382] Built Mathlib.Tactic.HigherOrder (873ms)
✔ [378/385] Built Mathlib.Tactic.InferParam (543ms)
✔ [379/385] Built Mathlib.Util.TermReduce (750ms)
✔ [380/385] Built Mathlib.Tactic.GRewrite.Core (6.6s)
✔ [381/386] Built Mathlib.Tactic.Lift (1.1s)
✔ [382/387] Built Mathlib.Tactic.IrreducibleDef (1.4s)
✔ [383/388] Built Mathlib.Tactic.Linter.HaveLetLinter (670ms)
✔ [384/390] Built Mathlib.Tactic.GRewrite.Elab (1.6s)
✔ [385/390] Built Mathlib.Tactic.Linter.PPRoundtrip (690ms)
✔ [386/390] Built Mathlib.Tactic.Linter.MinImports (987ms)
✔ [387/393] Built Mathlib.Tactic.GRewrite (422ms)
✔ [388/394] Built Mathlib.Tactic.Linter.UpstreamableDecl (677ms)
✔ [389/394] Built Mathlib.Lean.Meta (647ms)
✔ [390/395] Built Mathlib.Tactic.Linter (407ms)
✔ [391/395] Built Mathlib.Lean.Name (618ms)
✔ [392/396] Built Mathlib.Tactic.NthRewrite (588ms)
✔ [393/398] Built Mathlib.Tactic.MkIffOfInductiveProp (1.4s)
✔ [394/398] Built Mathlib.Tactic.Observe (841ms)
✔ [395/399] Built Mathlib.Tactic.OfNat (477ms)
✔ [396/400] Built Mathlib.Tactic.RSuffices (541ms)
✔ [397/400] Built Mathlib.Tactic.Relation.Rfl (530ms)
✔ [398/403] Built Mathlib.Tactic.Recover (782ms)
✔ [399/403] Built Mathlib.Tactic.Rename (655ms)
✔ [400/403] Built Mathlib.Util.Tactic (433ms)
✔ [401/406] Built Mathlib.Tactic.RenameBVar (641ms)
✔ [402/407] Built Mathlib.Tactic.Says (934ms)
✔ [403/408] Built Mathlib.Util.WithWeakNamespace (473ms)
✔ [404/408] Built Mathlib.Tactic.Set (1.1s)
✔ [405/409] Built Mathlib.Tactic.SimpIntro (901ms)
✔ [406/409] Built Mathlib.Tactic.SimpRw (838ms)
✔ [407/412] Built Mathlib.Tactic.ScopedNS (1.9s)
✔ [408/413] Built Mathlib.Tactic.Simproc.ExistsAndEq (1.6s)
✔ [409/414] Built Mathlib.Util.AddRelatedDecl (993ms)
✔ [410/415] Built Mathlib.Tactic.Simps.NotationClass (830ms)
✔ [411/415] Built Mathlib.Tactic.SplitIfs (930ms)
✔ [412/416] Built Mathlib.Tactic.Spread (918ms)
✔ [413/417] Built Mathlib.Tactic.Subsingleton (1.2s)
✔ [414/418] Built Mathlib.Tactic.Substs (651ms)
✔ [415/419] Built Mathlib.Tactic.SuccessIfFailWithMsg (690ms)
✔ [416/420] Built Mathlib.Tactic.SudoSetOption (679ms)
✔ [417/421] Built Mathlib.Tactic.SwapVar (607ms)
✔ [418/422] Built Mathlib.Tactic.Simps.Basic (5.1s)
✔ [419/423] Built Mathlib.Tactic.ToFun (733ms)
✔ [420/425] Built Mathlib.Tactic.Tauto (2.0s)
✔ [421/425] Built Mathlib.Tactic.ToLevel (445ms)
✔ [422/426] Built Mathlib.Tactic.UnsetOption (540ms)
✔ [423/426] Built Mathlib.Tactic.Trace (607ms)
✔ [424/434] Built Mathlib.Tactic.Use (1.4s)
✔ [428/437] Built Mathlib.Tactic.Widget.SelectInsertParamsClass (536ms)
✔ [433/440] Built Mathlib.Tactic.Variable (1.9s)
✔ [434/443] Built ProofWidgets.Compat (361ms)
✔ [435/444] Built ProofWidgets.Util (526ms)
✔ [436/445] Built ProofWidgets.Component.Basic (691ms)
✔ [437/445] Built ProofWidgets.Cancellable (699ms)
✔ [438/447] Built ProofWidgets.Component.MakeEditLink (463ms)
✔ [439/448] Built Mathlib.Lean.Meta.RefinedDiscrTree (606ms)
✔ [440/450] Built Mathlib.Lean.GoalsLocation (437ms)
✔ [441/452] Built Mathlib.Lean.Meta.KAbstractPositions (593ms)
✔ [442/453] Built ProofWidgets.Data.Html (2.0s)
✔ [443/453] Built Mathlib.Tactic.WLOG (1.0s)
✔ [444/454] Built ProofWidgets.Component.FilterDetails (450ms)
✔ [445/454] Built Mathlib.Util.CountHeartbeats (1.5s)
✔ [446/454] Built Mathlib.Tactic.Widget.SelectPanelUtils (856ms)
✔ [447/456] Built ProofWidgets.Component.OfRpcMethod (702ms)
✔ [448/456] Built Mathlib.Util.PrintSorries (888ms)
✔ [449/456] Built Mathlib.Util.TransImports (597ms)
✔ [450/456] Built Mathlib.Tactic.Widget.CongrM (674ms)
✔ [451/456] Built Mathlib.Tactic.Widget.Calc (1.4s)
✔ [452/457] Built Mathlib.Tactic.Widget.Conv (2.2s)
✔ [453/457] Built Mathlib.Util.WhatsNew (795ms)
✔ [454/459] Built Mathlib.Tactic.Widget.LibraryRewrite (3.2s)
✔ [455/459] Built Mathlib.Data.Subtype (752ms)
✔ [456/462] Built Mathlib.Tactic.Attr.Core (426ms)
✔ [457/465] Built Mathlib.Tactic.Common (804ms)
✔ [458/465] Built Mathlib.Logic.Relator (660ms)
✔ [459/465] Built Mathlib.Data.List.InsertIdx (1.3s)
✔ [460/469] Built Mathlib.Logic.Relation (1.6s)
✔ [461/469] Built Batteries.Data.Nat.Basic (422ms)
✔ [462/469] Built Mathlib.Data.Int.Notation (486ms)
✔ [463/470] Built Mathlib.Data.List.Basic (4.6s)
✔ [464/473] Built Batteries.Data.Nat.Lemmas (640ms)
✔ [465/473] Built Mathlib.Data.Ordering.Basic (461ms)
✔ [466/473] Built Mathlib.Data.List.Forall2 (1.5s)
✔ [467/473] Built Mathlib.Data.Nat.Init (1.8s)
✔ [468/473] Built Mathlib.Order.Defs.PartialOrder (1.4s)
✔ [469/474] Built Mathlib.Data.List.Perm.Basic (1.7s)
✔ [470/477] Built Mathlib.Order.Defs.LinearOrder (1.4s)
✔ [471/477] Built Mathlib.Data.List.Perm.Subperm (853ms)
✔ [472/477] Built Mathlib.Lean.PrettyPrinter.Delaborator (673ms)
✔ [473/477] Built Mathlib.Lean.Elab.Term (447ms)
✔ [474/480] Built Mathlib.Data.Nat.Basic (677ms)
✔ [475/480] Built Mathlib.Data.Set.CoeSort (434ms)
✔ [476/482] Built Mathlib.Order.Notation (1.2s)
✔ [477/482] Built Mathlib.Data.Set.Operations (1.3s)
✔ [478/485] Built Mathlib.Logic.Function.Conjugate (542ms)
✔ [479/485] Built Mathlib.Logic.Function.Iterate (729ms)
✔ [480/486] Built Mathlib.Tactic.FastInstance (1.6s)
✔ [481/486] Built Mathlib.Util.Notation3 (7.4s)
✔ [482/486] Built Mathlib.Logic.IsEmpty.Basic (608ms)
✔ [483/486] Built Mathlib.Order.Basic (3.7s)
✔ [484/493] Built Mathlib.Data.Quot (1.7s)
✔ [485/495] Built Mathlib.Data.FunLike.Basic (577ms)
✔ [486/495] Built Mathlib.Order.Monotone.Defs (1.8s)
✔ [487/495] Built Mathlib.Tactic.CrossRefAttribute (1.3s)
✔ [488/496] Built Mathlib.Data.FunLike.Embedding (529ms)
✔ [489/496] Built Mathlib.Tactic.Monotonicity.Attr (478ms)
✔ [490/497] Built Mathlib.Data.FunLike.Equiv (582ms)
✔ [491/499] Built Batteries.Tactic.Congr (852ms)
✔ [492/500] Built Mathlib.Control.Combinators (448ms)
✔ [493/500] Built Mathlib.Data.Option.Defs (615ms)
✔ [494/500] Built Mathlib.Data.Prod.Basic (1.2s)
✔ [495/500] Built Mathlib.Logic.Equiv.Defs (2.8s)
✔ [496/505] Built Mathlib.Data.Option.Basic (795ms)
✔ [497/505] Built Mathlib.Logic.Function.ULift (541ms)
✔ [498/505] Built Mathlib.Order.OrderDual (1.2s)
✔ [499/506] Built Mathlib.Tactic.Finiteness.Attr (446ms)
✔ [500/507] Built Mathlib.Order.ULift (664ms)
✔ [501/507] Built Mathlib.Order.Max (1.2s)
✔ [502/507] Built Mathlib.Order.RelClasses (1.7s)
✔ [503/507] Built Mathlib.Data.Bool.Basic (966ms)
✔ [504/508] Built Mathlib.Logic.Pairwise (731ms)
✔ [505/518] Built Mathlib.Data.Multiset.Defs (1.3s)
✔ [506/518] Built Mathlib.Order.BoundedOrder.Basic (1.8s)
✔ [507/525] Built Mathlib.Data.Int.Order.Basic (721ms)
✔ [508/526] Built Mathlib.Order.Compare (774ms)
✔ [509/531] Built Mathlib.Control.EquivFunctor (624ms)
✔ [510/531] Built Mathlib.Data.Sigma.Basic (840ms)
✔ [511/533] Built Mathlib.Order.Monotone.Basic (2.1s)
✔ [512/533] Built Mathlib.Logic.Equiv.Option (1.0s)
✔ [513/535] Built Mathlib.Order.GaloisConnection.Defs (1.5s)
✔ [514/538] Built Mathlib.Order.Lattice (3.7s)
✔ [515/538] Built Mathlib.Data.Sum.Basic (1.5s)
✔ [516/538] Built Mathlib.Order.BoundedOrder.Lattice (509ms)
✔ [517/540] Built Mathlib.Order.Disjoint (1.2s)
✔ [518/540] Built Mathlib.Logic.Equiv.Prod (8.9s)
✔ [519/540] Built Mathlib.Order.PropInstances (420ms)
✔ [520/540] Built Mathlib.Tactic.SetLike (303ms)
✔ [521/540] Built Mathlib.Logic.Equiv.Sum (819ms)
✔ [522/545] Built Mathlib.Data.Set.Basic (1.4s)
✔ [523/545] Built Mathlib.Order.Heyting.Basic (2.2s)
✔ [524/545] Built Mathlib.Data.SetLike.Basic (665ms)
✔ [525/545] Built Mathlib.Data.Set.Inclusion (431ms)
✔ [526/545] Built Mathlib.Data.Set.Disjoint (518ms)
✔ [527/545] Built Mathlib.Logic.Equiv.Basic (1.7s)
✔ [528/545] Built Mathlib.Data.Prod.PProd (286ms)
✔ [529/545] Built Mathlib.Order.BooleanAlgebra.Defs (543ms)
✔ [530/545] Built Mathlib.Data.Set.Insert (1.1s)
✔ [531/545] Built Mathlib.Logic.Embedding.Basic (869ms)
✔ [532/545] Built Mathlib.Data.Set.Subsingleton (709ms)
✔ [533/546] Built Mathlib.Order.BooleanAlgebra.Basic (1.5s)
✔ [534/548] Built Mathlib.Order.RelIso.Basic (1.6s)
✔ [535/548] Built Mathlib.Order.BooleanAlgebra.Set (1.3s)
✔ [536/551] Built Mathlib.Order.SymmDiff (1.2s)
✔ [537/551] Built Mathlib.Data.List.Nodup (1.2s)
✔ [538/554] Built Mathlib.Data.Multiset.ZeroCons (1.1s)
✔ [539/554] Built Mathlib.Data.Set.SymmDiff (435ms)
✔ [540/554] Built Mathlib.Data.List.Count (535ms)
✔ [541/554] Built Mathlib.Order.Hom.Basic (2.8s)
✔ [542/554] Built Mathlib.Data.Multiset.Count (634ms)
✔ [543/555] Built Mathlib.Data.Multiset.AddSub (844ms)
✔ [544/555] Built Mathlib.Data.Multiset.Replicate (622ms)
✔ [545/558] Built Mathlib.Data.Finset.Attr (303ms)
✔ [546/558] Built Mathlib.Data.Set.Image (2.6s)
✔ [547/558] Built Batteries.Data.List.Pairwise (312ms)
✔ [548/558] Built Mathlib.Data.Set.List (416ms)
✔ [549/558] Built Mathlib.Data.List.Lattice (1.2s)
✔ [550/558] Built Mathlib.Data.Set.Restrict (723ms)
✔ [551/560] Built Mathlib.Data.Set.Prod (1.9s)
✔ [552/561] Built Mathlib.Data.Multiset.MapFold (1.3s)
✔ [553/561] Built Mathlib.Data.List.Dedup (591ms)
✔ [554/564] Built Mathlib.Data.Set.Function (1.8s)
✔ [555/566] Built Mathlib.Data.List.TakeDrop (1.5s)
✔ [556/566] Built Mathlib.Data.Multiset.Filter (806ms)
✔ [557/567] Built Mathlib.Data.Set.Pairwise.Basic (964ms)
✔ [558/567] Built Mathlib.Order.MinMax (915ms)
✔ [559/567] Built Mathlib.Data.List.Perm.Lattice (702ms)
✔ [560/567] Built Mathlib.Data.Multiset.Basic (599ms)
✔ [561/570] Built Mathlib.Data.Finset.Defs (781ms)
✔ [562/570] Built Mathlib.Data.Multiset.UnionInter (901ms)
✔ [563/570] Built Mathlib.Data.Finset.Empty (715ms)
✔ [564/574] Built Mathlib.Data.Finset.Attach (518ms)
✔ [565/575] Built Mathlib.Data.Multiset.Dedup (601ms)
✔ [566/575] Built Mathlib.Data.List.Induction (871ms)
✔ [567/576] Built Mathlib.Util.PPOptions (270ms)
✔ [568/576] Built Mathlib.Data.List.Infix (745ms)
✔ [569/576] Built Mathlib.Data.Finset.Erase (588ms)
✔ [570/576] Built Mathlib.Data.Finset.Dedup (579ms)
✔ [571/577] Built Mathlib.Data.Finset.Filter (726ms)
✔ [572/579] Built Mathlib.Data.Multiset.FinsetOps (662ms)
✔ [573/579] Built Mathlib.Data.Multiset.Range (526ms)
✔ [574/582] Built Mathlib.Order.Interval.Set.Defs (456ms)
✔ [575/584] Built Mathlib.Util.Delaborators (3.3s)
✔ [576/584] Built Mathlib.Data.Finset.Lattice.Basic (856ms)
✔ [577/584] Built Mathlib.Logic.Equiv.Set (1.4s)
✔ [578/585] Built Mathlib.Data.Finset.Insert (1.3s)
✔ [579/586] Built Mathlib.Order.Directed (867ms)
✔ [580/586] Built Mathlib.Data.Finset.SDiff (823ms)
✔ [581/586] Built Mathlib.Data.Finset.Range (732ms)
✔ [582/586] Built Mathlib.Data.Finset.Disjoint (694ms)
✔ [583/586] Built Mathlib.Algebra.NeZero (330ms)
✔ [584/591] Built Mathlib.Data.Finset.Lattice.Lemmas (650ms)
✔ [585/591] Built Mathlib.Data.Finite.Defs (444ms)
✔ [586/593] Built Mathlib.Data.Finset.Basic (1.5s)
✔ [587/593] Built Mathlib.Order.Lex (429ms)
✔ [588/597] Built Mathlib.Data.Multiset.Fold (617ms)
✔ [589/602] Built Mathlib.Data.Fintype.Defs (1.2s)
✔ [590/602] Built Mathlib.Tactic.Translate.ToAdditive (516ms)
✔ [591/602] Built Mathlib.Tactic.ToAdditive (292ms)
✔ [592/602] Built Mathlib.Data.Nat.BinaryRec (427ms)
✔ [593/602] Built Mathlib.Data.Int.Init (983ms)
✔ [594/604] Built Mathlib.Data.Finset.Image (1.5s)
✔ [595/605] Built Mathlib.Algebra.Notation.Defs (586ms)
✔ [596/605] Built Mathlib.Data.Finset.Fold (738ms)
✔ [597/605] Built Mathlib.Algebra.Notation.Pi.Defs (585ms)
✔ [598/607] Built Mathlib.Algebra.Regular.Defs (319ms)
✔ [599/615] Built Mathlib.Data.Finset.Card (2.7s)
✔ [600/615] Built Mathlib.Data.List.Flatten (603ms)
✔ [601/619] Built Mathlib.Data.List.Pairwise (382ms)
✔ [602/620] Built Mathlib.Algebra.Group.Defs (2.5s)
✔ [603/620] Built Mathlib.Data.List.Lex (703ms)
✔ [604/620] Built Mathlib.Data.List.Rotate (917ms)
✔ [605/620] Built Mathlib.Algebra.Group.Int.Defs (358ms)
✔ [606/620] Built Mathlib.Algebra.Group.Nat.Defs (318ms)
✔ [607/620] Built Mathlib.Algebra.Group.Semiconj.Defs (458ms)
✔ [608/620] Built Mathlib.Algebra.BigOperators.Group.List.Defs (416ms)
✔ [609/620] Built Mathlib.Algebra.Group.Hom.Defs (2.5s)
✔ [610/621] Built Mathlib.Data.List.ProdSigma (500ms)
✔ [611/621] Built Mathlib.Algebra.Group.Basic (3.2s)
✔ [612/622] Built Mathlib.Algebra.Group.Commute.Defs (593ms)
✔ [613/622] Built Mathlib.Data.List.Chain (1.2s)
✔ [614/622] Built Mathlib.Algebra.Divisibility.Basic (652ms)
✔ [615/625] Built Mathlib.Algebra.Group.InjSurj (1.2s)
✔ [616/625] Built Mathlib.Algebra.Group.Torsion (530ms)
✔ [617/626] Built Mathlib.Data.List.Range (543ms)
✔ [618/626] Built Mathlib.Algebra.Group.Units.Defs (1.6s)
✔ [619/626] Built Mathlib.Algebra.Opposites (712ms)
✔ [620/626] Built Mathlib.Algebra.BigOperators.Group.Multiset.Defs (704ms)
✔ [621/626] Built Mathlib.Algebra.BigOperators.Group.List.Basic (1.9s)
✔ [622/626] Built Mathlib.Algebra.Group.Nat.Units (314ms)
✔ [623/628] Built Mathlib.Algebra.Group.Int.Units (458ms)
✔ [624/628] Built Mathlib.Algebra.Group.Opposite (901ms)
✔ [625/628] Built Mathlib.Algebra.Group.Hom.Basic (1.1s)
✔ [626/632] Built Mathlib.Algebra.Group.Equiv.Defs (1.6s)
✔ [627/632] Built Mathlib.Algebra.BigOperators.Group.List.Lemmas (798ms)
✔ [628/633] Built Mathlib.Algebra.Notation.Prod (541ms)
✔ [629/637] Built Mathlib.Algebra.Group.Units.Basic (1.5s)
✔ [630/639] Built Mathlib.Algebra.Order.Monoid.Unbundled.Defs (711ms)
✔ [631/642] Built Mathlib.Algebra.Order.ZeroLEOne (360ms)
✔ [632/644] Built Mathlib.Algebra.Group.Units.Hom (1.1s)
✔ [633/645] Built Mathlib.Algebra.Order.IsBotOne (534ms)
✔ [634/645] Built Mathlib.Algebra.Group.Prod (1.0s)
✔ [635/647] Built Mathlib.Order.SetNotation (2.3s)
✔ [636/649] Built Mathlib.Logic.Function.DependsOn (490ms)
✔ [637/649] Built Mathlib.Data.Finset.BooleanAlgebra (781ms)
✔ [638/651] Built Mathlib.Algebra.Order.Monoid.Unbundled.Basic (2.4s)
✔ [639/651] Built Mathlib.Data.Fintype.OfMap (541ms)
✔ [640/651] Built Mathlib.Algebra.Order.Monoid.Unbundled.ExistsOfLE (553ms)
✔ [641/651] Built Mathlib.Algebra.Order.Sub.Defs (671ms)
✔ [642/651] Built Mathlib.Data.Finset.SymmDiff (534ms)
✔ [643/651] Built Mathlib.Algebra.Order.Group.Multiset (692ms)
✔ [644/651] Built Mathlib.Algebra.Order.Sub.Unbundled.Basic (642ms)
✔ [645/656] Built Mathlib.Data.Fintype.Sets (882ms)
✔ [646/657] Built Mathlib.Data.Int.DivMod (284ms)
✔ [647/657] Built Mathlib.Algebra.BigOperators.Group.Multiset.Basic (1.1s)
✔ [648/657] Built Batteries.Data.Fin.Basic (479ms)
✔ [649/659] Built Mathlib.Data.Nat.Find (554ms)
✔ [650/664] Built Mathlib.Data.Multiset.Bind (923ms)
✔ [651/664] Built Mathlib.Data.Multiset.Pi (666ms)
✔ [652/664] Built Mathlib.Data.Fin.Basic (1.2s)
✔ [653/664] Built Batteries.Data.Fin.Lemmas (859ms)
✔ [654/665] Built Mathlib.Data.Finset.Union (1.2s)
✔ [655/669] Built Mathlib.Data.Finset.Pi (1.0s)
✔ [656/674] Built Mathlib.Data.Fin.SuccPred (1.0s)
✔ [657/674] Built Mathlib.Data.List.Duplicate (578ms)
✔ [658/674] Built Mathlib.Logic.Nontrivial.Basic (331ms)
✔ [659/676] Built Mathlib.Data.Fin.Embedding (637ms)
✔ [660/676] Built Mathlib.Data.Fin.Rev (548ms)
✔ [661/676] Built Mathlib.Tactic.Nontriviality.Core (717ms)
✔ [662/680] Built Mathlib.Algebra.Group.Equiv.Basic (1.0s)
✔ [663/680] Built Mathlib.Tactic.Nontriviality (304ms)
✔ [664/680] Built Mathlib.Order.Fin.Basic (924ms)
✔ [665/680] Built Mathlib.Algebra.Notation.Pi.Basic (492ms)
✔ [666/680] Built Mathlib.Algebra.Group.Equiv.Opposite (947ms)
✔ [667/680] Built Mathlib.Algebra.Group.TypeTags.Basic (1.2s)
✔ [668/680] Built Mathlib.Data.Fin.Tuple.Basic (1.9s)
✔ [669/683] Built Mathlib.Data.List.OfFn (630ms)
✔ [670/683] Built Mathlib.Data.List.Sort (1.7s)
✔ [671/683] Built Mathlib.Algebra.BigOperators.Group.Finset.Defs (2.8s)
✔ [672/686] Built Mathlib.Data.List.FinRange (612ms)
✔ [673/686] Built Mathlib.Data.List.Enum (477ms)
✔ [674/686] Built Mathlib.Data.List.NodupEquivFin (795ms)
✔ [675/686] Built Mathlib.Data.List.OffDiag (994ms)
✔ [676/686] Built Mathlib.Data.Multiset.Sum (562ms)
✔ [677/687] Built Mathlib.Data.Fintype.Basic (949ms)
✔ [678/687] Built Mathlib.Data.Finset.Prod (1.0s)
✔ [679/690] Built Mathlib.Data.Finset.Sum (975ms)
✔ [680/690] Built Mathlib.Data.Set.Piecewise (574ms)
✔ [681/690] Built Mathlib.Data.Fintype.Card (892ms)
✔ [682/690] Built Mathlib.Order.Interval.Set.Basic (2.3s)
✔ [683/690] Built Mathlib.Data.Fintype.EquivFin (870ms)
✔ [684/690] Built Mathlib.Data.Finset.Piecewise (670ms)
✔ [685/690] Built Mathlib.Algebra.BigOperators.Group.Finset.Basic (4.8s)
✔ [686/690] Built Mathlib.Data.Set.Finite.Basic (1.3s)
✔ [687/694] Built Mathlib.Data.Fintype.Pi (856ms)
✔ [688/694] Built Mathlib.Algebra.BigOperators.Group.Finset.Piecewise (1.7s)
✔ [689/696] Built Mathlib.Algebra.BigOperators.Group.Finset.Pi (606ms)
✔ [690/696] Built Mathlib.Algebra.GroupWithZero.Defs (614ms)
✔ [691/696] Built Mathlib.Algebra.GroupWithZero.NeZero (341ms)
✔ [692/696] Built Mathlib.Algebra.Notation.Support (1.0s)
✔ [693/697] Built Mathlib.Algebra.GroupWithZero.Basic (778ms)
✔ [694/698] Built Mathlib.Algebra.Notation.Indicator (1.1s)
✔ [695/698] Built Mathlib.Algebra.GroupWithZero.Units.Basic (971ms)
✔ [696/699] Built Mathlib.Data.Bool.Set (393ms)
✔ [697/701] Built Mathlib.Data.Nat.Set (416ms)
✔ [698/701] Built Mathlib.Control.ULift (378ms)
✔ [699/703] Built Mathlib.Data.Set.NAry (776ms)
✔ [700/706] Built Mathlib.Data.ULift (418ms)
✔ [701/707] Built Mathlib.Order.Bounds.Defs (336ms)
✔ [702/711] Built Mathlib.Order.Antisymmetrization (880ms)
✔ [703/711] Built Mathlib.Order.BoundedOrder.Monotone (427ms)
✔ [704/712] Built Mathlib.Order.WellFounded (711ms)
✔ [705/719] Built Mathlib.Order.Hom.Set (1.7s)
✔ [706/719] Built Mathlib.Order.Bounds.Basic (2.7s)
✔ [707/719] Built Mathlib.Order.TypeTags (383ms)
✔ [708/719] Built Mathlib.Data.Option.NAry (431ms)
✔ [709/719] Built Mathlib.Order.CompleteLattice.Defs (1.1s)
✔ [710/719] Built Mathlib.Order.Bounds.Image (1.2s)
✔ [711/721] Built Mathlib.Order.CompleteLattice.Basic (2.0s)
✔ [712/723] Built Mathlib.Order.CompleteLattice.Lemmas (847ms)
✔ [713/723] Built Mathlib.Algebra.Group.Semiconj.Units (510ms)
✔ [714/725] Built Mathlib.Order.WithBot (5.2s)
✔ [715/725] Built Mathlib.Algebra.GroupWithZero.Semiconj (419ms)
✔ [716/725] Built Mathlib.Algebra.Group.Commute.Units (723ms)
✔ [717/725] Built Mathlib.Algebra.Divisibility.Units (672ms)
✔ [718/725] Built Mathlib.Algebra.GroupWithZero.Commute (422ms)
✔ [719/727] Built Mathlib.Order.GaloisConnection.Basic (1.4s)
✔ [720/727] Built Mathlib.Algebra.GroupWithZero.Divisibility (628ms)
✔ [721/727] Built Mathlib.Algebra.Group.Pi.Basic (990ms)
✔ [722/730] Built Mathlib.Order.CompleteBooleanAlgebra (2.8s)
✔ [723/730] Built Mathlib.Algebra.Group.Hom.Instances (1.5s)
✔ [724/731] Built Mathlib.Data.Set.BooleanAlgebra (476ms)
✔ [725/734] Built Mathlib.Data.Nat.Cast.Defs (558ms)
✔ [726/734] Built Mathlib.Util.AtomM (462ms)
✔ [727/734] Built Mathlib.Data.Int.Cast.Defs (410ms)
✔ [728/734] Built Mathlib.Data.List.TFAE (379ms)
✔ [729/736] Built Mathlib.Data.Set.Lattice (2.1s)
✔ [730/736] Built Mathlib.Algebra.Ring.Defs (1.2s)
✔ [731/736] Built Mathlib.Algebra.BigOperators.GroupWithZero.Finset (652ms)
✔ [732/737] Built Mathlib.Tactic.TFAE (1.5s)
✔ [733/737] Built Mathlib.Algebra.Divisibility.Hom (488ms)
✔ [734/737] Built Mathlib.Algebra.Ring.Semiconj (367ms)
✔ [735/740] Built Mathlib.Algebra.Ring.Basic (714ms)
✔ [736/746] Built Mathlib.Algebra.Ring.Divisibility.Basic (747ms)
✔ [737/746] Built Mathlib.Algebra.GroupWithZero.InjSurj (593ms)
✔ [738/746] Built Mathlib.Data.Int.Cast.Basic (458ms)
✔ [739/746] Built Mathlib.Data.Bracket (331ms)
✔ [740/746] Built Mathlib.Algebra.GroupWithZero.Hom (784ms)
✔ [741/752] Built Mathlib.Algebra.Ring.Hom.Defs (1.4s)
✔ [742/754] Built Mathlib.Algebra.Ring.InjSurj (2.1s)
✔ [743/754] Built Mathlib.Data.Nat.Factorial.Basic (1.1s)
✔ [744/754] Built Mathlib.Data.List.Zip (605ms)
✔ [745/754] Built Mathlib.Algebra.Ring.Units (575ms)
✔ [746/754] Built Mathlib.Data.Multiset.Sections (589ms)
✔ [747/755] Built Mathlib.Algebra.Ring.Commute (757ms)
✔ [748/755] Built Mathlib.Data.Nat.Choose.Basic (946ms)
✔ [749/755] Built Mathlib.Algebra.BigOperators.Ring.List (603ms)
✔ [750/758] Built Mathlib.Data.Multiset.Lattice (717ms)
✔ [751/761] Built Mathlib.Data.List.Sublists (734ms)
✔ [752/761] Built Mathlib.Order.Hom.Bounded (1.5s)
✔ [753/761] Built Mathlib.Order.Hom.Lattice (1.5s)
✔ [754/761] Built Mathlib.Data.Multiset.Powerset (805ms)
✔ [755/761] Built Mathlib.Order.Nat (374ms)
✔ [756/762] Built Mathlib.Data.Multiset.Antidiagonal (595ms)
✔ [757/765] Built Mathlib.Algebra.BigOperators.Ring.Multiset (649ms)
✔ [758/766] Built Mathlib.Order.Hom.BoundedLattice (1.9s)
✔ [759/766] Built Mathlib.Data.Set.Pairwise.Lattice (778ms)
✔ [760/769] Built Mathlib.Algebra.Group.TypeTags.Hom (715ms)
✔ [761/769] Built Mathlib.Algebra.CharZero.Defs (350ms)
✔ [762/769] Built Mathlib.Data.Int.Basic (429ms)
✔ [763/769] Built Mathlib.Algebra.Ring.Int.Defs (500ms)
✔ [764/774] Built Mathlib.Algebra.Group.Even (882ms)
✔ [765/774] Built Mathlib.Data.Finset.Lattice.Fold (3.5s)
✔ [766/775] Built Mathlib.Data.Nat.Sqrt (686ms)
✔ [767/775] Built Mathlib.Data.Finset.Lattice.Union (629ms)
✔ [768/775] Built Mathlib.Data.Int.Sqrt (494ms)
✔ [769/775] Built Mathlib.Data.Finset.Max (1.4s)
✔ [770/775] Built Mathlib.Algebra.Group.Nat.Even (693ms)
✔ [771/778] Built Mathlib.Algebra.Group.Nat.Hom (484ms)
✔ [772/782] Built Mathlib.Data.Finset.Powerset (1.1s)
✔ [773/782] Built Mathlib.Algebra.Group.Int.Even (786ms)
✔ [774/782] Built Mathlib.Algebra.GroupWithZero.Nat (321ms)
✔ [775/782] Built Mathlib.Data.Fintype.Powerset (589ms)
✔ [776/785] Built Mathlib.Data.Nat.Cast.Commute (469ms)
✔ [777/785] Built Mathlib.Algebra.Ring.Nat (371ms)
✔ [778/785] Built Mathlib.Data.Nat.Cast.Basic (672ms)
✔ [779/786] Built Mathlib.Algebra.Group.Action.Defs (1.5s)
✔ [780/786] Built Mathlib.Algebra.Group.Action.Faithful (568ms)
✔ [781/786] Built Mathlib.Algebra.Ring.Parity (1.4s)
✔ [782/787] Built Mathlib.Algebra.Group.Action.Pi (652ms)
✔ [783/791] Built Mathlib.Data.Set.Sigma (1.3s)
✔ [784/792] Built Mathlib.Data.Int.Cast.Lemmas (976ms)
✔ [785/792] Built Mathlib.Data.Finset.Option (679ms)
✔ [786/793] Built Mathlib.Algebra.BigOperators.Ring.Finset (1.2s)
✔ [787/794] Built Mathlib.Data.Set.Lattice.Image (1.9s)
✔ [788/794] Built Mathlib.Algebra.BigOperators.Option (652ms)
✔ [789/795] Built Mathlib.Data.Fintype.Option (602ms)
✔ [790/799] Built Mathlib.Order.CompleteLattice.Finset (1.1s)
✔ [791/799] Built Mathlib.Data.Fintype.Prod (634ms)
✔ [792/800] Built Mathlib.Lean.Expr.ExtraRecognizers (310ms)
✔ [793/800] Built Mathlib.Data.Finset.Sigma (879ms)
✔ [794/800] Built Mathlib.Data.Set.Notation (494ms)
✔ [795/801] Built Mathlib.Data.Finite.Prod (714ms)
✔ [796/801] Built Mathlib.Logic.Embedding.Set (869ms)
✔ [797/801] Built Mathlib.Algebra.BigOperators.Group.Finset.Sigma (811ms)
✔ [798/802] Built Mathlib.Data.Fintype.Sigma (1.1s)
✔ [799/806] Built Mathlib.Data.Fintype.Sum (693ms)
✔ [800/806] Built Mathlib.Data.Setoid.Basic (788ms)
✔ [801/810] Built Mathlib.Control.Basic (439ms)
✔ [802/810] Built Mathlib.Data.Vector.Defs (680ms)
✔ [803/810] Built Mathlib.Control.Traversable.Basic (458ms)
✔ [804/810] Built Mathlib.Control.Applicative (446ms)
✔ [805/811] Built Mathlib.Tactic.ApplyFun (868ms)
✔ [806/812] Built Mathlib.Data.Vector.Basic (1.2s)
✔ [807/812] Built Mathlib.Data.Finset.Fin (565ms)
✔ [808/813] Built Mathlib.Algebra.Group.Embedding (389ms)
✔ [809/813] Built Mathlib.Data.Sym.Basic (1.2s)
✔ [810/813] Built Mathlib.Data.Fintype.Vector (530ms)
✔ [811/815] Built Mathlib.Order.Hom.WithTopBot (1.4s)
✔ [812/818] Built Mathlib.Data.Set.Order (588ms)
✔ [813/818] Built Mathlib.Data.Fintype.BigOperators (1.1s)
✔ [814/823] Built Mathlib.Order.Interval.Set.Image (750ms)
✔ [815/823] Built Mathlib.Order.Preorder.Chain (857ms)
✔ [816/823] Built Mathlib.Order.Interval.Set.WithBotTop (890ms)
✔ [817/825] Built Mathlib.Order.Interval.Set.LinearOrder (2.2s)
✔ [818/825] Built Mathlib.Order.Antichain (761ms)
✔ [819/830] Built Mathlib.Order.Interval.Set.UnorderedInterval (1.4s)
✔ [820/833] Built Mathlib.Data.Finset.Preimage (960ms)
✔ [821/833] Built Mathlib.Order.Interval.Set.OrderEmbedding (593ms)
✔ [822/833] Built Mathlib.Order.Minimal (1.9s)
✔ [823/833] Built Mathlib.Order.Interval.Set.Fin (1.3s)
✔ [824/833] Built Mathlib.Order.Interval.Finset.Defs (3.2s)
✔ [825/837] Built Mathlib.Order.Interval.Set.OrdConnected (851ms)
✔ [826/837] Built Mathlib.Order.Preorder.Finite (624ms)
✔ [827/837] Built Mathlib.Data.Fin.VecNotation (1.4s)
✔ [828/837] Built Mathlib.Order.Cover (2.0s)
✔ [829/840] Built Mathlib.Logic.Equiv.Fin.Basic (954ms)
✔ [830/840] Built Batteries.Classes.RatCast (180ms)
✔ [831/840] Built Mathlib.Data.Rat.Init (438ms)
✔ [832/846] Built Mathlib.Algebra.Field.Defs (718ms)
✔ [833/846] Built Mathlib.Order.Interval.Finset.Basic (2.6s)
✔ [834/846] Built Mathlib.Algebra.Group.Units.Equiv (797ms)
✔ [835/846] Built Mathlib.Order.Interval.Multiset (746ms)
✔ [836/847] Built Mathlib.Order.Interval.Finset.Nat (1.1s)
✔ [837/847] Built Mathlib.Algebra.Order.Group.Unbundled.Basic (2.1s)
✔ [838/847] Built Mathlib.Algebra.Order.GroupWithZero.Defs (1.0s)
✔ [839/850] Built Mathlib.Order.Interval.Finset.Fin (1.7s)
✔ [840/850] Built Mathlib.Algebra.Order.Group.OrderIso (699ms)
✔ [841/850] Built Mathlib.Tactic.Bound.Init (298ms)
✔ [842/850] Built Mathlib.Data.Fintype.Fin (769ms)
✔ [843/850] Built Mathlib.Algebra.Order.Group.Lattice (677ms)
✔ [844/853] Built Mathlib.Tactic.Bound.Attribute (735ms)
✔ [845/853] Built Mathlib.Algebra.Order.Group.Unbundled.Abs (1.5s)
✔ [846/853] Built Mathlib.Algebra.Order.GroupWithZero.Basic (2.6s)
✔ [847/856] Built Mathlib.Algebra.Order.Group.Synonym (1.3s)
✔ [848/856] Built Mathlib.Algebra.BigOperators.Fin (6.3s)
✔ [849/856] Built Mathlib.Algebra.Order.Group.Unbundled.Int (567ms)
✔ [850/858] Built Mathlib.Algebra.Order.Monoid.Unbundled.OrderDual (424ms)
✔ [851/858] Built Mathlib.Data.Nat.Cast.NeZero (303ms)
✔ [852/861] Built WeakSimplexConjectureLean.Core.Finite (680ms)
✔ [853/861] Built Mathlib.Data.Nat.Cast.Order.Basic (786ms)
✔ [854/861] Built Mathlib.Data.Rat.Defs (680ms)
✔ [855/861] Built Mathlib.Algebra.Order.Monoid.Unbundled.Pow (1.1s)
✔ [856/862] Built Mathlib.Algebra.Ring.Rat (562ms)
✔ [857/862] Built Mathlib.Algebra.Order.Ring.Unbundled.Rat (1.3s)
✔ [858/862] Built Mathlib.Algebra.Order.Nonneg.Basic (1.2s)
✔ [859/867] Built Mathlib.Algebra.Ring.GrindInstances (515ms)
✔ [860/869] Built Mathlib.Data.NNRat.Defs (954ms)
✔ [861/869] Built Mathlib.Algebra.Group.Invertible.Defs (575ms)
✔ [862/869] Built Mathlib.Algebra.Field.Rat (626ms)
✔ [863/869] Built Mathlib.Algebra.Order.Ring.Synonym (635ms)
✔ [864/872] Built Mathlib.Algebra.Order.GroupWithZero.Synonym (432ms)
✔ [865/872] Built Mathlib.Algebra.Group.Invertible.Basic (528ms)
✔ [866/872] Built Mathlib.Algebra.GroupWithZero.Regular (356ms)
✔ [867/874] Built Mathlib.Algebra.Group.WithOne.Defs (764ms)
✔ [868/874] Built Mathlib.Algebra.GroupWithZero.Invertible (449ms)
✔ [869/874] Built Mathlib.Algebra.Group.WithOne.Map (544ms)
✔ [870/874] Built Mathlib.Algebra.GroupWithZero.Equiv (418ms)
✔ [871/876] Built Mathlib.Algebra.Ring.Invertible (668ms)
✔ [872/876] Built Mathlib.Algebra.GroupWithZero.WithZero (1.5s)
✔ [873/881] Built Mathlib.Algebra.Field.Basic (1.4s)
✔ [874/881] Built Mathlib.Algebra.Order.Monoid.Defs (607ms)
✔ [875/881] Built Mathlib.Algebra.Regular.Basic (663ms)
✔ [876/882] Built Mathlib.Algebra.Order.Monoid.Canonical.Defs (750ms)
✔ [877/882] Built Mathlib.Algebra.Order.Group.Defs (639ms)
✔ [878/884] Built Mathlib.Algebra.Order.Monoid.Unbundled.WithTop (2.3s)
✔ [879/885] Built Mathlib.Algebra.Order.Group.Int (362ms)
✔ [880/885] Built Mathlib.Algebra.Order.Monoid.WithTop (460ms)
✔ [881/885] Built Mathlib.Algebra.Order.Monoid.Units (544ms)
✔ [882/888] Built Mathlib.Algebra.Order.Monoid.OrderDual (393ms)
✔ [883/888] Built Mathlib.Algebra.Order.Group.Units (398ms)
✔ [884/892] Built Mathlib.Algebra.Order.AddGroupWithTop (803ms)
✔ [885/895] Built Mathlib.Algebra.Order.Monoid.Unbundled.TypeTags (509ms)
✔ [886/895] Built Mathlib.Algebra.Order.Monoid.NatCast (479ms)
✔ [887/895] Built Mathlib.Algebra.Order.Monoid.TypeTags (411ms)
✔ [888/895] Built Mathlib.Algebra.Order.Monoid.Unbundled.MinMax (654ms)
✔ [889/895] Built Mathlib.Algebra.Order.Sub.Basic (688ms)
✔ [890/895] Built Mathlib.Algebra.Order.Ring.Unbundled.Basic (1.8s)
✔ [891/895] Built Mathlib.Algebra.Order.Ring.Defs (654ms)
✔ [892/896] Built Mathlib.Algebra.Order.Ring.Canonical (637ms)
✔ [893/899] Built Mathlib.Algebra.Order.GroupWithZero.Canonical (2.9s)
✔ [894/902] Built Mathlib.Order.ConditionallyCompleteLattice.Defs (559ms)
✔ [895/902] Built Mathlib.Algebra.Order.Field.Canonical (585ms)
✔ [896/902] Built Mathlib.Order.ConditionallyCompletePartialOrder.Defs (450ms)
✔ [897/905] Built Mathlib.Order.ConditionallyCompletePartialOrder.Basic (590ms)
✔ [898/906] Built Mathlib.Order.LatticeIntervals (889ms)
✔ [899/906] Built Mathlib.Algebra.Order.Monoid.Basic (519ms)
✔ [900/906] Built Mathlib.Algebra.Order.Positive.Ring (767ms)
✔ [901/906] Built Mathlib.Order.ConditionallyCompleteLattice.Basic (1.8s)
✔ [902/912] Built Mathlib.Algebra.Order.Ring.InjSurj (445ms)
✔ [903/913] Built Mathlib.Algebra.Order.Group.Nat (400ms)
✔ [904/913] Built Mathlib.Algebra.Order.Ring.Rat (494ms)
✔ [905/913] Built Mathlib.Order.CompleteLatticeIntervals (1.3s)
✔ [906/914] Built Mathlib.Algebra.Order.Ring.Nat (513ms)
✔ [907/914] Built Mathlib.Algebra.Order.Nonneg.Lattice (673ms)
✔ [908/914] Built Mathlib.Data.Nat.Cast.Order.Ring (655ms)
✔ [909/916] Built Mathlib.Algebra.GroupWithZero.Units.Lemmas (483ms)
✔ [910/917] Built Mathlib.Algebra.Group.Semiconj.Basic (428ms)
✔ [911/917] Built Mathlib.Algebra.Order.Nonneg.Ring (847ms)
✔ [912/917] Built Mathlib.Algebra.Group.Commute.Basic (577ms)
✔ [913/917] Built Mathlib.Data.NNRat.Order (592ms)
✔ [914/922] Built Mathlib.Algebra.Ring.Int.Parity (1.1s)
✔ [915/922] Built Mathlib.Data.PNat.Notation (307ms)
✔ [916/924] Built Mathlib.Data.PNat.Defs (477ms)
✔ [917/924] Built Mathlib.Algebra.Order.Nonneg.Field (1.1s)
✔ [918/925] Built Mathlib.Data.Rat.Lemmas (749ms)
✔ [919/925] Built Mathlib.Algebra.Notation (513ms)
✔ [920/925] Built Mathlib.Algebra.Order.Field.Rat (537ms)
✔ [921/927] Built Mathlib.Data.Rat.Cast.Defs (882ms)
✔ [922/927] Built Mathlib.Algebra.Order.Group.PosPart (1.5s)
✔ [923/928] Built Mathlib.Data.Int.Cast.Field (374ms)
✔ [924/928] Built Mathlib.Data.Int.Cast.Pi (280ms)
✔ [925/928] Built Mathlib.Data.Rat.Cast.CharZero (692ms)
✔ [926/930] Built Mathlib.Data.Int.CharZero (537ms)
✔ [927/931] Built Mathlib.Algebra.Order.Ring.Basic (850ms)
✔ [928/935] Built Mathlib.Algebra.Order.Invertible (549ms)
✔ [929/935] Built Mathlib.Algebra.Order.Group.Abs (1.4s)
✔ [930/935] Built Mathlib.Data.Int.GCD (843ms)
✔ [931/936] Built Mathlib.Tactic.HaveI (372ms)
✔ [932/937] Built Mathlib.Algebra.Order.Hom.Basic (887ms)
✔ [933/943] Built Mathlib.Algebra.Order.Ring.Int (884ms)
✔ [934/943] Built Mathlib.Lean.Expr.Rat (277ms)
✔ [935/943] Built Mathlib.Algebra.Order.Ring.Cast (876ms)
✔ [936/948] Built Mathlib.Tactic.NormNum.Result (1.2s)
✔ [937/948] Built Mathlib.Util.Qq (356ms)
✔ [938/948] Built Mathlib.Algebra.GroupWithZero.Opposite (460ms)
✔ [939/948] Built Mathlib.Algebra.Group.Action.Opposite (806ms)
✔ [940/948] Built Mathlib.Tactic.NormNum.Core (1.1s)
✔ [941/948] Built Mathlib.Algebra.GroupWithZero.Action.Defs (930ms)
✔ [942/951] Built Mathlib.Algebra.Module.Defs (699ms)
✔ [943/951] Built Mathlib.Algebra.Module.NatInt (923ms)
✔ [944/955] Built Mathlib.Algebra.Group.Action.TypeTags (399ms)
✔ [945/955] Built Mathlib.Tactic.Positivity.Core (2.1s)
✔ [946/955] Built Mathlib.Algebra.Group.Action.Pretransitive (459ms)
✔ [947/956] Built Mathlib.Algebra.Group.Action.Units (680ms)
✔ [948/957] Built Mathlib.Algebra.Group.Action.Hom (560ms)
✔ [949/957] Built Mathlib.Algebra.GroupWithZero.Action.Units (515ms)
✔ [950/957] Built Mathlib.Algebra.Ring.Equiv (2.2s)
✔ [951/957] Built Mathlib.Algebra.GroupWithZero.Action.End (446ms)
✔ [952/957] Built Mathlib.Algebra.Ring.CompTypeclasses (549ms)
✔ [953/959] Built Mathlib.Tactic.Positivity.Basic (4.7s)
✔ [954/960] Built Mathlib.Algebra.Module.RingHom (575ms)
✔ [955/960] Built Mathlib.Logic.Function.CompTypeclasses (335ms)
✔ [956/960] Built Mathlib.Algebra.Regular.SMul (571ms)
✔ [957/965] Built Mathlib.Algebra.Group.Hom.CompTypeclasses (376ms)
✔ [958/966] Built Mathlib.Data.Finset.Density (2.1s)
✔ [959/966] Built Mathlib.Algebra.Group.Action.Basic (676ms)
✔ [960/966] Built Mathlib.Algebra.BigOperators.Field (646ms)
✔ [961/967] Built Mathlib.Algebra.Ring.Action.Basic (473ms)
✔ [962/967] Built Mathlib.Algebra.Group.Pointwise.Set.Basic (3.9s)
✔ [963/970] Built Mathlib.Algebra.Order.Archimedean.Defs (554ms)
✔ [964/970] Built Mathlib.Data.Int.LeastGreatest (485ms)
✔ [965/970] Built Mathlib.Algebra.Order.Floor.Defs (1.3s)
✔ [966/970] Built Mathlib.GroupTheory.GroupAction.Hom (5.8s)
✔ [967/972] Built Mathlib.Algebra.Order.Floor.Semiring (1.4s)
✔ [968/974] Built Mathlib.Algebra.GroupWithZero.Units.Equiv (451ms)
✔ [969/975] Built Mathlib.Algebra.Order.GroupWithZero.OrderIso (511ms)
✔ [970/977] Built Mathlib.Algebra.Ring.Int.Units (378ms)
✔ [971/977] Built Mathlib.Data.Set.Monotone (576ms)
✔ [972/977] Built Mathlib.Algebra.Order.Ring.Abs (1.0s)
✔ [973/978] Built Mathlib.Order.Bounds.OrderIso (445ms)
✔ [974/979] Built Mathlib.Algebra.Module.LinearMap.Defs (4.8s)
✔ [975/979] Built Mathlib.Util.AtomM.Recurse (459ms)
✔ [976/981] Built Mathlib.Algebra.Algebra.Defs (1.3s)
✔ [977/981] Built Mathlib.Algebra.Order.Field.Basic (2.5s)
✔ [978/983] Built Mathlib.Tactic.TryThis (335ms)
✔ [979/983] Built Mathlib.Data.Ineq (269ms)
✔ [980/986] Built Mathlib.Tactic.FieldSimp.Attr (266ms)
✔ [981/988] Built Mathlib.Util.DischargerAsTactic (327ms)
✔ [982/988] Built Mathlib.Tactic.NormNum.Basic (2.7s)
✔ [983/988] Built Mathlib.Tactic.FieldSimp.Lemmas (1.3s)
✔ [984/988] Built Mathlib.Util.SynthesizeUsing (322ms)
✔ [985/988] Built Mathlib.Tactic.FieldSimp.Discharger (1.4s)
✔ [986/990] Built Mathlib.Tactic.Abel (2.3s)
✔ [987/993] Built Mathlib.Tactic.NormNum.Inv (1.3s)
✔ [988/993] Built Mathlib.Tactic.NormNum.Pow (1.5s)
✔ [989/995] Built Mathlib.Tactic.FieldSimp (6.9s)
✔ [990/995] Built Mathlib.Tactic.Linarith.Lemmas (615ms)
✔ [991/1000] Built Mathlib.Tactic.Linarith.Datatypes (866ms)
✔ [992/1000] Built Mathlib.Tactic.Linarith.Oracle.SimplexAlgorithm.Datatypes (397ms)
✔ [993/1001] Built Mathlib.Tactic.Linarith.Oracle.SimplexAlgorithm.SimplexAlgorithm (501ms)
✔ [994/1001] Built Mathlib.Tactic.Ring.Common (5.2s)
✔ [995/1003] Built Mathlib.Tactic.Linarith.Oracle.SimplexAlgorithm.Gauss (426ms)
✔ [996/1003] Built Mathlib.Lean.Meta.Tactic.Rewrite (290ms)
✔ [997/1005] Built Mathlib.Tactic.Linarith.Oracle.SimplexAlgorithm.PositiveVector (367ms)
✔ [998/1005] Built Mathlib.Data.Tree.Basic (501ms)
✔ [999/1005] Built Mathlib.Tactic.Linarith.Oracle.SimplexAlgorithm (879ms)
✔ [1000/1005] Built Mathlib.Tactic.Zify (485ms)
✔ [1001/1007] Built Mathlib.Tactic.Ring.Basic (2.4s)
✔ [1002/1009] Built Mathlib.Tactic.Field (648ms)
✔ [1003/1009] Built Mathlib.Tactic.CancelDenoms.Core (1.4s)
✔ [1004/1009] Built Mathlib.Tactic.Linarith.Parsing (802ms)
✔ [1005/1010] Built Mathlib.Util.ElabWithoutMVars (313ms)
✔ [1006/1011] Built Mathlib.Tactic.Linarith.Preprocessing (1.4s)
✔ [1007/1011] Built Mathlib.Tactic.Linarith.Verification (1.2s)
✔ [1008/1011] Built Mathlib.Tactic.NormNum.Abs (727ms)
✔ [1009/1014] Built Mathlib.Data.Rat.Cast.Order (1.6s)
✔ [1010/1020] Built Mathlib.Tactic.Linarith.Frontend (1.7s)
✔ [1011/1020] Built Mathlib.Tactic.NormNum.Eq (932ms)
✔ [1012/1020] Built Mathlib.Data.Rat.Cast.Lemmas (619ms)
✔ [1013/1026] Built Mathlib.Tactic.NormNum.OfScientific (755ms)
✔ [1014/1027] Built Mathlib.Data.PNat.Equiv (323ms)
✔ [1015/1027] Built Mathlib.Tactic.NormNum.Ineq (2.1s)
✔ [1016/1029] Built Mathlib.Tactic.Ring.RingNF (1.3s)
✔ [1017/1029] Built Mathlib.Data.PNat.Basic (900ms)
✔ [1018/1029] Built Mathlib.Algebra.Order.Group.Basic (702ms)
✔ [1019/1029] Built Mathlib.Tactic.NormNum.DivMod (978ms)
✔ [1020/1029] Built Mathlib.Tactic.Ring.PNat (545ms)
✔ [1021/1029] Built Mathlib.Algebra.Order.Ring.Pow (917ms)
✔ [1022/1031] Built Mathlib.Tactic.NormNum (490ms)
✔ [1023/1031] Built Mathlib.Tactic.Ring (511ms)
✔ [1024/1031] Built Mathlib.Tactic.Linarith (534ms)
✔ [1025/1031] Built Mathlib.Algebra.Order.Group.MinMax (718ms)
✔ [1026/1034] Built Mathlib.Algebra.Order.AbsoluteValue.Basic (1.4s)
✔ [1027/1036] Built Mathlib.Algebra.Group.Pi.Lemmas (2.2s)
✔ [1028/1039] Built Mathlib.Algebra.GroupWithZero.Pi (405ms)
✔ [1029/1039] Built Mathlib.Algebra.Order.Floor.Ring (3.0s)
✔ [1030/1040] Built Mathlib.GroupTheory.GroupAction.Ring (414ms)
✔ [1031/1040] Built Mathlib.Algebra.Ring.Action.Rat (407ms)
✔ [1032/1040] Built Mathlib.Algebra.Ring.Pi (1.1s)
✔ [1033/1040] Built Mathlib.Algebra.Order.Round (1.2s)
✔ [1034/1041] Built Mathlib.Order.Interval.Set.Disjoint (920ms)
✔ [1035/1041] Built Mathlib.Data.Rat.Floor (2.4s)
✔ [1036/1041] Built Mathlib.Algebra.Order.CauSeq.Basic (2.8s)
✔ [1037/1045] Built Mathlib.Algebra.Order.Group.Pointwise.Bounds (779ms)
✔ [1038/1045] Built Mathlib.Algebra.Order.Archimedean.Basic (2.2s)
✔ [1039/1045] Built Mathlib.Algebra.Order.CauSeq.Completion (1.8s)
✔ [1040/1045] Built Mathlib.Order.ConditionallyCompletePartialOrder.Indexed (860ms)
✔ [1041/1048] Built Mathlib.Data.Real.Basic (1.7s)
✔ [1042/1050] Built Mathlib.Order.ConditionallyCompleteLattice.Indexed (1.6s)
✔ [1043/1050] Built Mathlib.Algebra.GroupWithZero.Action.Opposite (438ms)
✔ [1044/1050] Built Mathlib.Algebra.Ring.Opposite (1.3s)
✔ [1045/1050] Built Mathlib.Algebra.Regular.Opposite (354ms)
✔ [1046/1055] Built Mathlib.Algebra.Module.Opposite (402ms)
✔ [1047/1057] Built Mathlib.Algebra.Order.Group.Pointwise.CompleteLattice (2.6s)
✔ [1048/1057] Built Mathlib.Algebra.Module.Torsion.Free (872ms)
✔ [1049/1057] Built Mathlib.Algebra.Order.Group.Action.Synonym (439ms)
✔ [1050/1057] Built Mathlib.Order.ConditionallyCompleteLattice.Group (567ms)
✔ [1051/1061] Built Mathlib.Algebra.Order.Archimedean.Real.Basic (1.2s)
✔ [1052/1064] Built Mathlib.Algebra.Order.GroupWithZero.Action.Synonym (572ms)
✔ [1053/1064] Built Mathlib.Algebra.Order.Sub.WithTop (469ms)
✔ [1054/1064] Built Mathlib.Algebra.Order.Ring.WithTop (2.1s)
✔ [1055/1065] Built Mathlib.Tactic.Finiteness (753ms)
✔ [1056/1065] Built Mathlib.Order.Interval.Set.OrdConnectedComponent (724ms)
✔ [1057/1072] Built Mathlib.Algebra.Order.Module.Defs (3.6s)
✔ [1058/1072] Built Mathlib.Order.Filter.Defs (1.2s)
✔ [1059/1072] Built Mathlib.Algebra.Order.Nonneg.Module (743ms)
✔ [1060/1072] Built Mathlib.Order.Filter.Basic (1.6s)
✔ [1061/1077] Built Mathlib.Data.NNReal.Defs (2.8s)
✔ [1062/1077] Built Mathlib.Order.Filter.Map (1.3s)
✔ [1063/1077] Built Mathlib.Data.ENNReal.Basic (1.8s)
✔ [1064/1077] Built Mathlib.Order.Filter.AtTopBot.Defs (613ms)
✔ [1065/1077] Built Mathlib.Order.Filter.Tendsto (580ms)
✔ [1066/1077] Built Mathlib.Analysis.Normed.Group.Seminorm (3.1s)
✔ [1067/1077] Built Mathlib.Order.Filter.Bases.Basic (1.2s)
✔ [1068/1077] Built Mathlib.Data.ENNReal.Real (1.2s)
✔ [1069/1078] Built Mathlib.Order.Filter.AtTopBot.Disjoint (461ms)
✔ [1070/1078] Built Mathlib.Order.Filter.Prod (1.9s)
✔ [1071/1083] Built Mathlib.Data.ENNReal.Operations (1.6s)
✔ [1072/1084] Built Mathlib.Order.Filter.AtTopBot.Tendsto (632ms)
✔ [1073/1084] Built Mathlib.Data.Set.Finite.Powerset (564ms)
✔ [1074/1084] Built Mathlib.Order.Filter.Lift (733ms)
✔ [1075/1085] Built Mathlib.Data.Set.Finite.Range (823ms)
✔ [1076/1085] Built Mathlib.Data.EReal.Basic (1.9s)
✔ [1077/1085] Built Mathlib.Order.Filter.AtTopBot.Basic (1.2s)
✔ [1078/1085] Built Mathlib.Order.Interval.Set.Pi (1.2s)
✔ [1079/1085] Built Mathlib.Order.OrdContinuous (663ms)
✔ [1080/1085] Built Mathlib.Data.Set.Finite.Lattice (1.5s)
✔ [1081/1087] Built Mathlib.Order.Filter.SmallSets (525ms)
✔ [1082/1087] Built Mathlib.Algebra.FiniteSupport.Defs (534ms)
✔ [1083/1087] Built Mathlib.Order.Filter.Finite (896ms)
✔ [1084/1089] Built Mathlib.Data.Set.Finite.Lemmas (609ms)
✔ [1085/1089] Built Mathlib.Order.Filter.Bases.Finite (630ms)
✔ [1086/1089] Built Mathlib.Data.Countable.Defs (365ms)
✔ [1087/1093] Built Mathlib.Data.ENat.Defs (331ms)
✔ [1088/1093] Built Mathlib.Data.Nat.Bits (529ms)
✔ [1089/1093] Built Mathlib.Data.Nat.Pairing (503ms)
✔ [1090/1095] Built Mathlib.Order.Filter.Interval (1.5s)
✔ [1091/1100] Built Mathlib.Logic.Equiv.Nat (440ms)
✔ [1092/1100] Built Mathlib.Data.Nat.Order.Lemmas (416ms)
✔ [1093/1101] Built Mathlib.Data.List.MinMax (1.0s)
✔ [1094/1102] Built Mathlib.Data.Countable.Basic (610ms)
✔ [1095/1104] Built Mathlib.Order.Filter.Ker (554ms)
✔ [1096/1105] Built Mathlib.Logic.Encodable.Basic (943ms)
✔ [1097/1105] Built Mathlib.Order.Heyting.Boundary (652ms)
✔ [1098/1105] Built Mathlib.Order.Filter.Pi (915ms)
✔ [1099/1107] Built Mathlib.Order.Filter.Curry (435ms)
✔ [1100/1110] Built Mathlib.Tactic.Continuity.Init (304ms)
✔ [1101/1110] Built Mathlib.Logic.Denumerable (926ms)
✔ [1102/1110] Built Mathlib.Tactic.Continuity (378ms)
✔ [1103/1110] Built Mathlib.Util.DelabNonCanonical (397ms)
✔ [1104/1110] Built Mathlib.Logic.Equiv.List (703ms)
✔ [1105/1110] Built Mathlib.Topology.Defs.Basic (677ms)
✔ [1106/1118] Built Mathlib.Topology.ContinuousMap.Defs (588ms)
✔ [1107/1121] Built Mathlib.Data.Set.Countable (707ms)
✔ [1108/1123] Built Mathlib.Order.Filter.CountablyGenerated (693ms)
✔ [1109/1128] Built Mathlib.Topology.Defs.Filter (1.1s)
✔ [1110/1129] Built Mathlib.Order.Filter.Cofinite (777ms)
✔ [1111/1130] Built Mathlib.Topology.Basic (699ms)
✔ [1112/1130] Built Mathlib.Data.Set.Constructions (596ms)
✔ [1113/1133] Built Mathlib.Topology.Defs.Induced (587ms)
✔ [1114/1133] Built Mathlib.Topology.Closure (940ms)
✔ [1115/1133] Built Mathlib.Order.Filter.AtTopBot.Finite (858ms)
✔ [1116/1133] Built Mathlib.Topology.WithTopology (665ms)
✔ [1117/1133] Built Mathlib.Order.Filter.AtTopBot.Prod (636ms)
✔ [1118/1133] Built Mathlib.Topology.Neighborhoods (841ms)
✔ [1119/1133] Built Mathlib.Order.Filter.AtTopBot.CountablyGenerated (744ms)
✔ [1120/1135] Built Mathlib.Topology.NhdsSet (745ms)
✔ [1121/1135] Built Mathlib.Topology.ClusterPt (848ms)
✔ [1122/1137] Built Mathlib.Topology.Continuous (808ms)
✔ [1123/1137] Built Mathlib.Order.ConditionallyCompleteLattice.Finset (1.1s)
✔ [1124/1137] Built Mathlib.Topology.Separation.SeparatedNhds (859ms)
✔ [1125/1138] Built Mathlib.Topology.Order (1.4s)
✔ [1126/1138] Built Mathlib.Order.Iterate (600ms)
✔ [1127/1138] Built Mathlib.Order.Lattice.Nat (835ms)
✔ [1128/1138] Built Mathlib.Topology.Maps.Basic (1.2s)
✔ [1129/1138] Built Mathlib.Data.Finset.Order (509ms)
✔ [1130/1144] Built Mathlib.Order.SuccPred.Basic (2.6s)
✔ [1131/1144] Built Mathlib.Topology.Homeomorph.Defs (1.2s)
✔ [1132/1144] Built Mathlib.Order.ModularLattice (1.2s)
✔ [1133/1144] Built Mathlib.Topology.Bornology.Basic (781ms)
✔ [1134/1144] Built Mathlib.Topology.Constructions.SumProd (2.0s)
✔ [1135/1144] Built Mathlib.Order.Atoms (2.7s)
✔ [1136/1144] Built Mathlib.Data.Fintype.Order (862ms)
✔ [1137/1150] Built Mathlib.Topology.Constructions (2.3s)
✔ [1138/1153] Built Mathlib.Order.PartialSups (919ms)
✔ [1139/1153] Built Mathlib.Topology.NhdsWithin (1.2s)
✔ [1140/1153] Built Mathlib.Order.CompleteLattice.Chain (500ms)
✔ [1141/1156] Built Mathlib.Data.Set.Accumulate (642ms)
✔ [1142/1156] Built Mathlib.Order.Zorn (567ms)
✔ [1143/1156] Built Mathlib.Topology.ContinuousOn (1.5s)
✔ [1144/1157] Built Mathlib.Order.ZornAtoms (535ms)
✔ [1145/1157] Built Mathlib.Topology.LocallyFinite (729ms)
✔ [1146/1157] Built Mathlib.Topology.Order.LeftRight (843ms)
✔ [1147/1157] Built Mathlib.Order.Filter.Ultrafilter.Defs (922ms)
✔ [1148/1159] Built Mathlib.Topology.Bases (2.5s)
✔ [1149/1159] Built Mathlib.Tactic.TautoSet (506ms)
✔ [1150/1159] Built Mathlib.Topology.Defs.Ultrafilter (485ms)
✔ [1151/1159] Built Mathlib.Order.Filter.Ultrafilter.Basic (767ms)
✔ [1152/1159] Built Mathlib.Data.Set.Functor (711ms)
✔ [1153/1159] Built Mathlib.Topology.Ultrafilter (641ms)
✔ [1154/1160] Built Mathlib.Data.Set.Subset (698ms)
✔ [1155/1165] Built Mathlib.Order.Interval.Set.OrderIso (665ms)
✔ [1156/1165] Built Mathlib.Topology.Compactness.Compact (1.0s)
✔ [1157/1165] Built Mathlib.Topology.Compactness.LocallyFinite (550ms)
✔ [1158/1165] Built Mathlib.Topology.Compactness.LocallyCompact (753ms)
✔ [1159/1170] Built Mathlib.Order.UpperLower.Basic (2.6s)
✔ [1160/1177] Built Mathlib.Order.UpperLower.Fibration (533ms)
✔ [1161/1177] Built Mathlib.Topology.Compactness.SigmaCompact (966ms)
✔ [1162/1177] Built Mathlib.Order.Filter.CountableInter (882ms)
✔ [1163/1177] Built Mathlib.Order.UpperLower.CompleteLattice (1.7s)
✔ [1164/1178] Built Mathlib.Topology.Piecewise (673ms)
✔ [1165/1178] Built Mathlib.Topology.GDelta.Basic (814ms)
✔ [1166/1178] Built Mathlib.Order.UpperLower.Principal (802ms)
✔ [1167/1179] Built Mathlib.Topology.Baire.Lemmas (928ms)
✔ [1168/1179] Built Mathlib.Topology.Compactness.Lindelof (1.2s)
✔ [1169/1179] Built Mathlib.Topology.Maps.OpenQuotient (625ms)
✔ [1170/1181] Built Mathlib.Order.UpperLower.Closure (1.3s)
✔ [1171/1181] Built Mathlib.Data.Finite.Sigma (506ms)
✔ [1172/1188] Built Mathlib.Data.Set.BoolIndicator (434ms)
✔ [1173/1188] Built Mathlib.Topology.Clopen (732ms)
✔ [1174/1188] Built Mathlib.Topology.Inseparable (1.4s)
✔ [1175/1188] Built Mathlib.Order.SuccPred.Archimedean (1.2s)
✔ [1176/1192] Built Mathlib.Topology.Separation.Basic (1.5s)
✔ [1177/1192] Built Mathlib.Order.SuccPred.Relation (641ms)
✔ [1178/1193] Built Mathlib.Topology.DiscreteSubset (1.3s)
✔ [1179/1193] Built Mathlib.Algebra.Order.BigOperators.Group.List (1.1s)
✔ [1180/1193] Built Mathlib.Data.Multiset.OrderedMonoid (486ms)
✔ [1181/1193] Built Mathlib.Algebra.Order.BigOperators.Group.Multiset (975ms)
✔ [1182/1193] Built Mathlib.Algebra.Order.BigOperators.GroupWithZero.Finset (911ms)
✔ [1183/1195] Built Mathlib.Topology.Irreducible (1.1s)
✔ [1184/1198] Built Mathlib.Topology.Separation.Hausdorff (1.1s)
✔ [1185/1198] Built Mathlib.Algebra.Order.BigOperators.GroupWithZero.List (492ms)
✔ [1186/1198] Built Mathlib.Algebra.Order.BigOperators.Group.Finset (2.6s)
✔ [1187/1198] Built Mathlib.Algebra.Order.BigOperators.Ring.List (524ms)
✔ [1188/1198] Built Mathlib.Algebra.Order.BigOperators.GroupWithZero.Multiset (575ms)
✔ [1189/1201] Built Mathlib.Algebra.Order.BigOperators.Ring.Multiset (676ms)
✔ [1190/1201] Built Mathlib.Topology.Order.OrderClosed (2.6s)
✔ [1191/1201] Built Mathlib.Algebra.NoZeroSMulDivisors.Defs (582ms)
✔ [1192/1203] Built Mathlib.Algebra.Order.BigOperators.Ring.Finset (1.9s)
✔ [1193/1203] Built Mathlib.Topology.Connected.Basic (1.1s)
✔ [1194/1203] Built Mathlib.Algebra.NoZeroSMulDivisors.Basic (491ms)
✔ [1195/1203] Built Mathlib.Algebra.Group.Commutator (302ms)
✔ [1196/1203] Built Mathlib.Topology.Connected.Clopen (1.0s)
✔ [1197/1203] Built Mathlib.Topology.Order.Basic (4.1s)
✔ [1198/1203] Built Mathlib.Algebra.Order.Module.Field (1.0s)
✔ [1199/1204] Built Mathlib.Tactic.Group (779ms)
✔ [1200/1205] Built Mathlib.Topology.Separation.Regular (1.4s)
✔ [1201/1205] Built Mathlib.Topology.Order.T5 (801ms)
✔ [1202/1205] Built Mathlib.Data.ENNReal.Inv (2.0s)
✔ [1203/1217] Built Mathlib.Topology.Order.Real (916ms)
✔ [1204/1217] Built Mathlib.Data.Rel (2.0s)
✔ [1205/1217] Built Mathlib.Algebra.BigOperators.Group.Finset.Lemmas (674ms)
✔ [1206/1217] Built Mathlib.Data.Rel.Separated (471ms)
✔ [1207/1217] Built Mathlib.Data.FunLike.IsApply (589ms)
✔ [1208/1219] Built Mathlib.Data.Rel.Cover (428ms)
✔ [1209/1221] Built Mathlib.Algebra.BigOperators.Pi (1.3s)
✔ [1210/1222] Built Mathlib.Topology.UniformSpace.Defs (1.3s)
✔ [1211/1222] Built Mathlib.Algebra.Group.Subsemigroup.Defs (977ms)
✔ [1212/1222] Built Mathlib.Topology.UniformSpace.OfFun (712ms)
✔ [1213/1225] Built Mathlib.Algebra.Group.Support (450ms)
✔ [1214/1225] Built Mathlib.Topology.UniformSpace.Basic (1.9s)
✔ [1215/1225] Built Mathlib.Algebra.Group.Subsemigroup.Basic (820ms)
✔ [1216/1225] Built Mathlib.Algebra.Group.Commute.Hom (375ms)
✔ [1217/1225] Built Mathlib.Algebra.Group.Submonoid.Defs (1.3s)
✔ [1218/1225] Built Mathlib.Data.Finset.NoncommProd (1.5s)
✔ [1219/1226] Built Mathlib.Topology.EMetricSpace.Defs (2.1s)
✔ [1220/1230] Built Mathlib.Algebra.Group.Submonoid.Basic (1.1s)
✔ [1221/1230] Built Mathlib.Algebra.Group.Indicator (1.1s)
✔ [1222/1232] Built Mathlib.Topology.MetricSpace.Pseudo.Defs (2.4s)
✔ [1223/1232] Built Mathlib.Algebra.Group.Submonoid.BigOperators (919ms)
✔ [1224/1232] Built Mathlib.Topology.MetricSpace.Defs (836ms)
✔ [1225/1232] Built Mathlib.Data.Finsupp.Defs (1.2s)
✔ [1226/1234] Built Mathlib.Data.Finsupp.Single (1.1s)
✔ [1227/1234] Built Mathlib.Analysis.Normed.Group.Defs (1.8s)
✔ [1228/1234] Built Mathlib.Data.Finsupp.Indicator (748ms)
✔ [1229/1234] Built Mathlib.Algebra.Group.Finsupp (1.6s)
✔ [1230/1235] Built Mathlib.Data.Finsupp.Ext (566ms)
✔ [1231/1235] Built Mathlib.Algebra.BigOperators.Finsupp.Basic (2.7s)
✔ [1232/1236] Built Mathlib.Algebra.Module.Equiv.Defs (4.9s)
✔ [1233/1237] Built Mathlib.Algebra.Notation.FiniteSupport (506ms)
✔ [1234/1239] Built Mathlib.Algebra.Algebra.Rat (676ms)
✔ [1235/1243] Built Mathlib.Algebra.Order.Group.Indicator (903ms)
✔ [1236/1243] Built Mathlib.Algebra.GroupWithZero.Indicator (553ms)
✔ [1237/1245] Built Mathlib.Algebra.Group.Hom.End (456ms)
✔ [1238/1245] Built Mathlib.Algebra.Module.Basic (763ms)
✔ [1239/1245] Built Mathlib.Algebra.Module.End (596ms)
✔ [1240/1245] Built Mathlib.Algebra.GroupWithZero.Action.Pi (653ms)
✔ [1241/1248] Built Mathlib.Algebra.Module.Pi (585ms)
✔ [1242/1248] Built Mathlib.Algebra.FiniteSupport.Basic (1.0s)
✔ [1243/1248] Built Mathlib.Algebra.Group.Pointwise.Set.ListOfFn (679ms)
✔ [1244/1251] Built Mathlib.Algebra.Group.Pointwise.Set.Scalar (995ms)
✔ [1245/1253] Built Mathlib.Algebra.Group.Pointwise.Set.Finite (900ms)
✔ [1246/1254] Built Mathlib.Data.Finset.Lattice.Prod (962ms)
✔ [1247/1254] Built Mathlib.Algebra.BigOperators.Group.Finset.Indicator (705ms)
✔ [1248/1254] Built Mathlib.Data.Finset.NAry (1.2s)
✔ [1249/1254] Built Mathlib.Algebra.Order.Nonneg.Floor (526ms)
✔ [1250/1254] Built Mathlib.Algebra.BigOperators.Finprod (5.0s)
✔ [1251/1255] Built Mathlib.Algebra.BigOperators.GroupWithZero.Action (868ms)
✔ [1252/1259] Built Mathlib.Algebra.Group.Action.Pointwise.Set.Basic (1.5s)
✔ [1253/1261] Built Mathlib.Algebra.Group.Equiv.TypeTags (917ms)
✔ [1254/1261] Built Mathlib.Algebra.Group.Pointwise.Finset.Basic (4.2s)
✔ [1255/1263] Built Mathlib.Algebra.Group.Action.Prod (710ms)
✔ [1256/1263] Built Mathlib.Algebra.GroupWithZero.Prod (592ms)
✔ [1257/1266] Built Mathlib.Algebra.Group.End (1.8s)
✔ [1258/1266] Built Mathlib.Algebra.GroupWithZero.Pointwise.Set.Basic (486ms)
✔ [1259/1267] Built Mathlib.Algebra.BigOperators.Expect (1.6s)
✔ [1260/1267] Built Mathlib.Algebra.Group.Action.End (722ms)
✔ [1261/1267] Built Mathlib.Algebra.Order.Module.Pointwise (871ms)
✔ [1262/1267] Built Mathlib.Algebra.GroupWithZero.Action.Basic (672ms)
✔ [1263/1270] Built Mathlib.Topology.Algebra.Support (1.6s)
✔ [1264/1270] Built Mathlib.Algebra.GroupWithZero.Action.Pointwise.Set (856ms)
✔ [1265/1270] Built Mathlib.Order.SuccPred.WithBot (611ms)
✔ [1266/1273] Built Mathlib.Data.Real.Pointwise (802ms)
✔ [1267/1274] Built Mathlib.Order.SuccPred.Limit (2.2s)
✔ [1268/1274] Built Mathlib.Data.NNReal.Basic (909ms)
✔ [1269/1275] Built Mathlib.Order.Interval.Set.SuccPred (918ms)
✔ [1270/1275] Built Mathlib.Algebra.Order.SuccPred (1.3s)
✔ [1271/1275] Built Mathlib.Order.Interval.Finset.SuccPred (1.2s)
✔ [1272/1275] Built Mathlib.Topology.UniformSpace.Compact (798ms)
✔ [1273/1277] Built Mathlib.Data.Nat.SuccPred (572ms)
✔ [1274/1280] Built Mathlib.Topology.Connected.LocallyConnected (661ms)
✔ [1275/1284] Built Mathlib.Algebra.Order.Interval.Finset.SuccPred (1.1s)
✔ [1276/1284] Built Mathlib.Topology.DenseEmbedding (964ms)
✔ [1277/1287] Built Mathlib.Topology.Connected.TotallyDisconnected (852ms)
✔ [1278/1287] Built Mathlib.Topology.UniformSpace.DiscreteUniformity (650ms)
✔ [1279/1292] Built Mathlib.Topology.UniformSpace.Separation (832ms)
✔ [1280/1292] Built Mathlib.Topology.Homeomorph.Lemmas (1.8s)
✔ [1281/1292] Built Mathlib.Topology.Bornology.Constructions (685ms)
✔ [1282/1293] Built Mathlib.Topology.Algebra.Constructions (1.2s)
✔ [1283/1293] Built Mathlib.Topology.MetricSpace.Pseudo.Constructions (1.1s)
✔ [1284/1300] Built Mathlib.Order.Filter.AtTopBot.CompleteLattice (518ms)
✔ [1285/1300] Built Mathlib.Order.Filter.AtTopBot.Map (521ms)
✔ [1286/1301] Built Mathlib.Topology.UniformSpace.Cauchy (1.4s)
✔ [1287/1301] Built Mathlib.Order.Filter.AtTopBot.Monoid (730ms)
✔ [1288/1306] Built Mathlib.Topology.UniformSpace.UniformEmbedding (1.5s)
✔ [1289/1306] Built Mathlib.Topology.UniformSpace.UniformConvergence (1.2s)
✔ [1290/1306] Built Mathlib.Data.ENNReal.Lemmas (586ms)
✔ [1291/1306] Built Mathlib.Order.Filter.AtTopBot.Group (851ms)
✔ [1292/1306] Built Mathlib.Topology.UniformSpace.Pi (707ms)
✔ [1293/1306] Built Mathlib.Topology.UniformSpace.LocallyUniformConvergence (844ms)
✔ [1294/1306] Built Mathlib.Topology.Metrizable.Basic (805ms)
✔ [1295/1306] Built Mathlib.Topology.Order.LeftRightNhds (2.0s)
✔ [1296/1307] Built Mathlib.Topology.EMetricSpace.Basic (1.8s)
✔ [1297/1307] Built Mathlib.Topology.Order.IsLUB (1.5s)
✔ [1298/1308] Built Mathlib.Topology.EMetricSpace.Pi (797ms)
✔ [1299/1308] Built Mathlib.Algebra.Group.EvenFunction (685ms)
✔ [1300/1308] Built Mathlib.Topology.MetricSpace.Pseudo.Basic (1.3s)
✔ [1301/1309] Built Mathlib.Topology.MetricSpace.Pseudo.Pi (922ms)
✔ [1302/1309] Built Mathlib.Topology.Order.DenselyOrdered (1.3s)
✔ [1303/1309] Built Mathlib.Logic.Encodable.Lattice (636ms)
✔ [1304/1311] Built Mathlib.Order.Filter.AtTopBot.Finset (677ms)
✔ [1305/1312] Built Mathlib.Topology.MetricSpace.Pseudo.Lemmas (882ms)
✔ [1306/1312] Built Mathlib.Data.ENat.Basic (1.6s)
✔ [1307/1312] Built Mathlib.Topology.MetricSpace.Basic (1.2s)
✔ [1308/1313] Built Mathlib.Algebra.Group.Fin.Basic (626ms)
✔ [1309/1316] Built Mathlib.Data.ENat.Pow (893ms)
✔ [1310/1316] Built Mathlib.Algebra.Group.ModEq (854ms)
✔ [1311/1316] Built Mathlib.Data.Nat.GCD.Basic (885ms)
✔ [1312/1316] Built Mathlib.Data.Nat.ModEq (1.1s)
✔ [1313/1319] Built Mathlib.Data.ZMod.Defs (876ms)
✔ [1314/1319] Built Mathlib.Analysis.Normed.Group.Basic (6.1s)
✔ [1315/1319] Built Mathlib.Algebra.Order.Hom.Monoid (2.5s)
✔ [1316/1323] Built Mathlib.Analysis.Normed.Group.Real (810ms)
✔ [1317/1324] Built Mathlib.Logic.Small.Defs (362ms)
✔ [1318/1324] Built Mathlib.Logic.Small.Basic (396ms)
✔ [1319/1324] Built Mathlib.Algebra.Order.Hom.MonoidWithZero (1.2s)
✔ [1320/1324] Built Mathlib.Logic.UnivLE (361ms)
✔ [1321/1325] Built Mathlib.Logic.Small.Set (661ms)
✔ [1322/1325] Built Mathlib.Data.Countable.Small (502ms)
✔ [1323/1329] Built Mathlib.Algebra.Order.Hom.Ring (1.3s)
✔ [1324/1330] Built Mathlib.Data.Sum.Order (2.2s)
✔ [1325/1331] Built Mathlib.Data.Prod.Lex (1.4s)
✔ [1326/1331] Built Mathlib.Order.RelIso.Set (498ms)
✔ [1327/1331] Built Mathlib.SetTheory.Cardinal.Defs (695ms)
✔ [1328/1334] Built Mathlib.Order.SuccPred.CompleteLinearOrder (917ms)
✔ [1329/1334] Built Mathlib.Dynamics.FixedPoints.Defs (320ms)
✔ [1330/1334] Built Mathlib.Order.Hom.Order (713ms)
✔ [1331/1334] Built Mathlib.Order.Hom.Lex (1.3s)
✔ [1332/1335] Built Mathlib.Dynamics.FixedPoints.Basic (579ms)
✔ [1333/1347] Built Mathlib.Control.Monad.Basic (390ms)
✔ [1334/1347] Built Mathlib.Order.InitialSeg (1.7s)
✔ [1335/1347] Built Mathlib.Data.Part (1.4s)
✔ [1336/1353] Built Mathlib.Order.Part (597ms)
✔ [1337/1353] Built Mathlib.Order.ScottContinuity (1.1s)
✔ [1338/1353] Built Mathlib.Order.Filter.IsBounded (1.5s)
✔ [1339/1354] Built Mathlib.Order.Hom.CompleteLattice (2.1s)
✔ [1340/1354] Built Mathlib.Algebra.BigOperators.Group.Finset.Preimage (779ms)
✔ [1341/1356] Built Mathlib.Order.OmegaCompletePartialOrder (2.1s)
✔ [1342/1356] Built Mathlib.Topology.Algebra.Monoid.Defs (966ms)
✔ [1343/1356] Built Mathlib.Order.LiminfLimsup (1.9s)
✔ [1344/1356] Built Mathlib.Order.BourbakiWitt (717ms)
✔ [1345/1356] Built Mathlib.Order.Filter.AtTopBot.BigOperators (658ms)
✔ [1346/1356] Built Mathlib.Order.FixedPoints (971ms)
✔ [1347/1357] Built Mathlib.Topology.Algebra.InfiniteSum.SummationFilter (1.9s)
✔ [1348/1357] Built Mathlib.SetTheory.Cardinal.SchroederBernstein (884ms)
✔ [1349/1357] Built Mathlib.Algebra.Group.Pointwise.Set.Lattice (957ms)
✔ [1350/1357] Built Mathlib.Topology.Algebra.InfiniteSum.Defs (1.8s)
✔ [1351/1358] Built Mathlib.SetTheory.Cardinal.Order (1.1s)
✔ [1352/1358] Built Mathlib.SetTheory.Cardinal.Basic (1.0s)
✔ [1353/1358] Built Mathlib.Algebra.Group.Conj (984ms)
✔ [1354/1365] Built Mathlib.Topology.Algebra.InfiniteSum.Basic (3.6s)
✔ [1355/1365] Built Mathlib.Algebra.Group.Submonoid.MulAction (626ms)
✔ [1356/1365] Built Mathlib.SetTheory.Cardinal.ENat (1.1s)
✔ [1357/1365] Built Mathlib.Algebra.Group.Subgroup.Defs (2.2s)
✔ [1358/1369] Built Mathlib.SetTheory.Cardinal.ToNat (722ms)
✔ [1359/1370] Built Mathlib.SetTheory.Cardinal.Finite (1.1s)
✔ [1360/1370] Built Mathlib.Algebra.Group.Submonoid.Operations (4.4s)
✔ [1361/1370] Built Mathlib.Algebra.Group.Subsemigroup.MulOpposite (800ms)
✔ [1362/1371] Built Mathlib.Algebra.Group.Submonoid.MulOpposite (900ms)
✔ [1363/1373] Built Mathlib.Algebra.Group.Subgroup.MulOpposite (811ms)
✔ [1364/1373] Built Mathlib.Algebra.Group.Subgroup.Lattice (2.6s)
✔ [1365/1373] Built Mathlib.Algebra.Group.Idempotent (423ms)
✔ [1366/1374] Built Mathlib.Algebra.FreeMonoid.Basic (1.7s)
✔ [1367/1374] Built Mathlib.Algebra.Group.Subgroup.Map (2.5s)
✔ [1368/1378] Built Mathlib.Algebra.Group.Submonoid.Membership (2.3s)
✔ [1369/1378] Built Mathlib.Data.Sigma.Lex (444ms)
✔ [1370/1378] Built Mathlib.Algebra.Group.Subgroup.ZPowers.Basic (789ms)
✔ [1371/1379] Built Mathlib.Order.OrderIsoNat (811ms)
✔ [1372/1379] Built Mathlib.Order.WellQuasiOrder (732ms)
✔ [1373/1379] Built Mathlib.Algebra.Group.Subgroup.Ker (2.8s)
✔ [1374/1379] Built Mathlib.GroupTheory.GroupAction.Defs (1.9s)
✔ [1375/1379] Built Mathlib.Order.WellFoundedSet (1.7s)
✔ [1376/1383] Built Mathlib.Algebra.Group.Submonoid.Pointwise (1.6s)
✔ [1377/1388] Built Mathlib.Algebra.Group.Subgroup.Basic (3.8s)
✔ [1378/1389] Built Mathlib.Algebra.Group.Subgroup.MulOppositeLemmas (993ms)
✔ [1379/1391] Built Mathlib.Algebra.Group.Center (3.2s)
✔ [1380/1392] Built Mathlib.GroupTheory.Subsemigroup.Center (472ms)
✔ [1381/1392] Built Mathlib.Algebra.Order.Interval.Set.Monoid (579ms)
✔ [1382/1392] Built Mathlib.GroupTheory.Subsemigroup.Centralizer (594ms)
✔ [1383/1392] Built Mathlib.Algebra.Group.Submonoid.Units (2.0s)
✔ [1384/1393] Built Mathlib.Topology.Algebra.Group.Defs (815ms)
✔ [1385/1393] Built Mathlib.GroupTheory.Submonoid.Center (1.2s)
✔ [1386/1393] Built Mathlib.Algebra.Group.ULift (738ms)
✔ [1387/1395] Built Mathlib.GroupTheory.Submonoid.Centralizer (643ms)
✔ [1388/1395] Built Mathlib.GroupTheory.Subgroup.Center (881ms)
✔ [1389/1395] Built Mathlib.Order.Filter.NAry (696ms)
✔ [1390/1396] Built Mathlib.GroupTheory.Subgroup.Centralizer (1.3s)
✔ [1391/1396] Built Mathlib.Algebra.Order.Group.Pointwise.Interval (5.6s)
✔ [1392/1396] Built Mathlib.GroupTheory.GroupAction.ConjAct (1.1s)
✔ [1393/1396] Built Mathlib.Algebra.Torsor.Defs (739ms)
✔ [1394/1399] Built Mathlib.Order.Filter.Pointwise (3.1s)
✔ [1395/1399] Built Mathlib.Algebra.Group.Submonoid.DistribMulAction (447ms)
✔ [1396/1400] Built Mathlib.Algebra.Group.Subgroup.Actions (824ms)
✔ [1397/1404] Built Mathlib.Algebra.Group.Subgroup.Pointwise (2.1s)
✔ [1398/1404] Built Mathlib.Algebra.GroupWithZero.ULift (408ms)
✔ [1399/1404] Built Mathlib.Algebra.Ring.ULift (1.2s)
✔ [1400/1409] Built Mathlib.Algebra.Module.ULift (930ms)
✔ [1401/1413] Built Mathlib.GroupTheory.GroupAction.SubMulAction (3.8s)
✔ [1402/1413] Built Mathlib.Data.Set.UnionLift (593ms)
✔ [1403/1413] Built Mathlib.Topology.ContinuousMap.Basic (1.5s)
✔ [1404/1415] Built Mathlib.Topology.Maps.Proper.Basic (768ms)
✔ [1405/1415] Built Mathlib.Order.Filter.AtTopBot.Ring (552ms)
✔ [1406/1420] Built Mathlib.Order.Filter.AtTopBot.Field (886ms)
✔ [1407/1421] Built Mathlib.Topology.Algebra.ConstMulAction (3.7s)
✔ [1408/1421] Built Mathlib.RingTheory.NonUnitalSubsemiring.Defs (1.0s)
✔ [1409/1421] Built Mathlib.Topology.Algebra.MulAction (1.5s)
✔ [1410/1421] Built Mathlib.RingTheory.NonUnitalSubring.Defs (1.0s)
✔ [1411/1421] Built Mathlib.Algebra.Ring.Subsemiring.Defs (1.2s)
✔ [1412/1424] Built Mathlib.Algebra.Ring.Subring.Defs (1.6s)
✔ [1413/1424] Built Mathlib.Topology.Algebra.Monoid (3.5s)
✔ [1414/1424] Built Mathlib.Algebra.Field.Subfield.Defs (1.4s)
✔ [1415/1424] Built Mathlib.Data.Nat.Cast.Prod (381ms)
✔ [1416/1425] Built Mathlib.Topology.Algebra.GroupWithZero (1.2s)
✔ [1417/1425] Built Mathlib.Data.Int.Cast.Prod (428ms)
✔ [1418/1425] Built Mathlib.Algebra.Ring.Action.Subobjects (530ms)
✔ [1419/1427] Built Mathlib.Algebra.Ring.Prod (1.4s)
✔ [1420/1428] Built Mathlib.Algebra.Group.Subsemigroup.Membership (775ms)
✔ [1421/1429] Built Mathlib.Topology.Algebra.Group.Basic (5.5s)
✔ [1422/1429] Built Mathlib.Algebra.GroupWithZero.Center (414ms)
✔ [1423/1430] Built Mathlib.Algebra.Group.Subsemigroup.Operations (2.3s)
✔ [1424/1430] Built Mathlib.Topology.Algebra.Group.Pointwise (2.3s)
✔ [1425/1433] Built Mathlib.Algebra.Ring.Center (614ms)
✔ [1426/1435] Built Mathlib.Algebra.Ring.Centralizer (374ms)
✔ [1427/1436] Built Mathlib.Algebra.Ring.Submonoid.Basic (432ms)
✔ [1428/1438] Built Mathlib.Topology.Algebra.IsUniformGroup.Defs (3.6s)
✔ [1429/1438] Built Mathlib.RingTheory.NonUnitalSubsemiring.Basic (1.9s)
✔ [1430/1438] Built Mathlib.Topology.Algebra.ContinuousMonoidHom (2.5s)
✔ [1431/1438] Built Mathlib.Topology.Algebra.Group.GroupTopology (1.0s)
✔ [1432/1441] Built Mathlib.Topology.Algebra.InfiniteSum.Group (2.1s)
✔ [1433/1443] Built Mathlib.RingTheory.NonUnitalSubring.Basic (2.2s)
✔ [1434/1443] Built Mathlib.Algebra.Ring.Subsemiring.Basic (2.9s)
✔ [1435/1445] Built Mathlib.Order.Filter.Extr (1.1s)
✔ [1436/1445] Built Mathlib.Topology.Algebra.InfiniteSum.NatInt (2.5s)
✔ [1437/1445] Built Mathlib.Topology.Algebra.Order.Group (1.5s)
✔ [1438/1445] Built Mathlib.Topology.Order.LocalExtr (1.3s)
✔ [1439/1446] Built Mathlib.Topology.Order.MonotoneConvergence (963ms)
✔ [1440/1450] Built Mathlib.Algebra.Order.Antidiag.Prod (701ms)
✔ [1441/1450] Built Mathlib.Algebra.Ring.Subring.Basic (4.1s)
✔ [1442/1450] Built Mathlib.Data.List.NatAntidiagonal (532ms)
✔ [1443/1450] Built Mathlib.Data.Multiset.NatAntidiagonal (505ms)
✔ [1444/1454] Built Mathlib.Topology.Algebra.Ring.Basic (1.8s)
✔ [1445/1454] Built Mathlib.Data.Finset.NatAntidiagonal (885ms)
✔ [1446/1457] Built Mathlib.Algebra.BigOperators.NatAntidiagonal (662ms)
✔ [1447/1457] Built Mathlib.Topology.Algebra.Field (1.4s)
✔ [1448/1457] Built Mathlib.Data.Fintype.Pigeonhole (675ms)
✔ [1449/1457] Built Mathlib.Algebra.Order.Interval.Finset.Basic (843ms)
✔ [1450/1457] Built Mathlib.Order.SuccPred.LinearLocallyFinite (1.6s)
✔ [1451/1462] Built Mathlib.Topology.Algebra.Order.Field (1.0s)
✔ [1452/1462] Built Mathlib.Order.Disjointed (1.3s)
✔ [1453/1462] Built Mathlib.Algebra.Ring.Aut (846ms)
✔ [1454/1463] Built Mathlib.Topology.Algebra.InfiniteSum.Order (2.6s)
✔ [1455/1463] Built Mathlib.Algebra.Order.BigOperators.Group.LocallyFinite (1.6s)
✔ [1456/1463] Built Mathlib.Algebra.Star.Basic (2.1s)
✔ [1457/1463] Built Mathlib.Data.EReal.Operations (3.5s)
✔ [1458/1464] Built Mathlib.Topology.Algebra.Star (723ms)
✔ [1459/1464] Built Mathlib.Algebra.BigOperators.Intervals (2.3s)
✔ [1460/1464] Built Mathlib.Topology.Order.Bornology (909ms)
✔ [1461/1466] Built Mathlib.Algebra.Ring.GeomSum (1.1s)
✔ [1462/1467] Built Mathlib.Tactic.Order.CollectFacts (2.1s)
✔ [1463/1468] Built Mathlib.Tactic.Order.Graph.Basic (469ms)
✔ [1464/1473] Built Mathlib.Tactic.Order.Graph.Tarjan (473ms)
✔ [1465/1474] Built Mathlib.Tactic.Order.Preprocessing (721ms)
✔ [1466/1475] Built Mathlib.Tactic.Order.ToInt (759ms)
✔ [1467/1475] Built Mathlib.Topology.Algebra.InfiniteSum.Constructions (7.2s)
✔ [1468/1478] Built Mathlib.Topology.MetricSpace.ProperSpace (747ms)
✔ [1469/1478] Built Mathlib.Topology.MetricSpace.Cauchy (779ms)
✔ [1470/1478] Built Mathlib.Tactic.Order (1.5s)
✔ [1471/1478] Built Mathlib.Topology.Algebra.InfiniteSum.Ring (1.2s)
✔ [1472/1481] Built Mathlib.Topology.EMetricSpace.Diam (1.2s)
✔ [1473/1482] Built Mathlib.Algebra.Ring.CharZero (683ms)
✔ [1474/1482] Built Mathlib.Topology.Order.Monotone (1.2s)
✔ [1475/1484] Built Mathlib.Data.Int.ConditionallyCompleteOrder (574ms)
✔ [1476/1485] Built Mathlib.Data.Int.Interval (1.0s)
✔ [1477/1485] Built Mathlib.Topology.Instances.Discrete (637ms)
✔ [1478/1489] Built Mathlib.Order.Filter.AtTopBot.Archimedean (1.1s)
✔ [1479/1489] Built Mathlib.Topology.Order.MonotoneContinuity (1.0s)
✔ [1480/1493] Built Mathlib.Topology.Order.IntermediateValue (2.4s)
✔ [1481/1493] Built Mathlib.Topology.UniformSpace.Real (686ms)
✔ [1482/1493] Built Mathlib.Algebra.Ring.Torsion (438ms)
✔ [1483/1493] Built Mathlib.Topology.Order.Compact (1.4s)
✔ [1484/1493] Built Mathlib.Topology.MetricSpace.Bounded (1.8s)
✔ [1485/1493] Built Mathlib.Data.Complex.Basic (2.4s)
✔ [1486/1496] Built Mathlib.Topology.Instances.Int (762ms)
✔ [1487/1496] Built Mathlib.Topology.Bornology.Real (722ms)
✔ [1488/1498] Built Mathlib.Algebra.GroupWithZero.Action.Hom (586ms)
✔ [1489/1498] Built Mathlib.Topology.Algebra.Ring.Real (856ms)
✔ [1490/1498] Built Mathlib.Algebra.Module.Torsion.Pi (517ms)
✔ [1491/1500] Built Mathlib.GroupTheory.GroupAction.DomAct.Basic (1.2s)
✔ [1492/1500] Built Mathlib.Topology.Instances.NNReal.Lemmas (1.0s)
✔ [1493/1500] Built Mathlib.Algebra.Module.LinearMap.Basic (1.3s)
✔ [1494/1500] Built Mathlib.Algebra.Module.Hom (976ms)
✔ [1495/1503] Built Mathlib.Algebra.Module.Equiv.Opposite (646ms)
✔ [1496/1503] Built Mathlib.Analysis.Real.Sqrt (1.7s)
✔ [1497/1503] Built Mathlib.Algebra.GroupWithZero.Action.Prod (635ms)
✔ [1498/1503] Built Mathlib.Algebra.Module.LinearMap.End (2.3s)
✔ [1499/1503] Built Mathlib.Algebra.Module.Prod (425ms)
✔ [1500/1505] Built Mathlib.Analysis.Complex.Norm (1.3s)
✔ [1501/1505] Built Mathlib.Analysis.Complex.Order (1.1s)
✔ [1502/1505] Built Mathlib.Algebra.Module.Submodule.Defs (1.7s)
✔ [1503/1511] Built Mathlib.Algebra.Module.Submodule.Basic (842ms)
✔ [1504/1513] Built Mathlib.Algebra.Group.PUnit (357ms)
✔ [1505/1513] Built Mathlib.Algebra.Module.Submodule.LinearMap (1.5s)
✔ [1506/1515] Built Mathlib.Algebra.Module.Equiv.Basic (6.5s)
✔ [1507/1515] Built Mathlib.Algebra.Ring.PUnit (333ms)
✔ [1508/1521] Built Mathlib.Algebra.Ring.Hom.InjSurj (384ms)
✔ [1509/1526] Built Mathlib.Algebra.Module.PUnit (513ms)
✔ [1510/1529] Built Mathlib.GroupTheory.Congruence.Defs (1.8s)
✔ [1511/1529] Built Mathlib.Algebra.Module.Submodule.Lattice (2.1s)
✔ [1512/1529] Built Mathlib.GroupTheory.Congruence.Opposite (464ms)
✔ [1513/1530] Built Mathlib.GroupTheory.Congruence.Hom (1.2s)
✔ [1514/1530] Built Mathlib.RingTheory.Congruence.Defs (1.6s)
✔ [1515/1530] Built Mathlib.Algebra.Module.Submodule.RestrictScalars (1.2s)
✔ [1516/1530] Built Mathlib.GroupTheory.Congruence.Basic (1.4s)
✔ [1517/1531] Built Mathlib.Algebra.Module.Submodule.Map (3.0s)
✔ [1518/1532] Built Mathlib.Algebra.BigOperators.Balance (845ms)
✔ [1519/1534] Built Mathlib.Algebra.Module.Rat (942ms)
✔ [1520/1534] Built Mathlib.Algebra.Module.Submodule.Ker (1.5s)
✔ [1521/1534] Built Mathlib.Algebra.Order.Module.Rat (827ms)
✔ [1522/1535] Built Mathlib.Algebra.Module.Torsion.Field (498ms)
✔ [1523/1535] Built Mathlib.Algebra.Order.BigOperators.Expect (1.9s)
✔ [1524/1535] Built Mathlib.Algebra.Algebra.Basic (2.4s)
✔ [1525/1539] Built Mathlib.Algebra.Order.Group.Opposite (533ms)
✔ [1526/1540] Built Mathlib.Algebra.Field.Opposite (845ms)
✔ [1527/1540] Built Mathlib.Algebra.Algebra.Hom (2.1s)
✔ [1528/1540] Built Mathlib.Algebra.Star.StarRingHom (1.4s)
✔ [1529/1540] Built Mathlib.Algebra.Star.Rat (561ms)
✔ [1530/1540] Built Mathlib.Tactic.ContinuousFunctionalCalculus (484ms)
✔ [1531/1544] Built Mathlib.RingTheory.Congruence.Basic (1.4s)
✔ [1532/1544] Built Mathlib.RingTheory.Congruence.Opposite (672ms)
✔ [1533/1544] Built Mathlib.Algebra.GroupWithZero.Idempotent (397ms)
✔ [1534/1544] Built Mathlib.Algebra.Star.SelfAdjoint (2.3s)
✔ [1535/1545] Built Mathlib.Algebra.Ring.Idempotent (635ms)
✔ [1536/1546] Built Mathlib.RingTheory.TwoSidedIdeal.Basic (1.1s)
✔ [1537/1546] Built Mathlib.Algebra.Star.StarProjection (691ms)
✔ [1538/1546] Built Mathlib.Analysis.Normed.Group.Int (793ms)
✔ [1539/1546] Built Mathlib.RingTheory.TwoSidedIdeal.Lattice (811ms)
✔ [1540/1546] Built Mathlib.Analysis.Normed.Group.Subgroup (945ms)
✔ [1541/1547] Built Mathlib.RingTheory.TwoSidedIdeal.Kernel (696ms)
✔ [1542/1547] Built Mathlib.RingTheory.SimpleRing.Defs (566ms)
✔ [1543/1547] Built Mathlib.Algebra.Order.Star.Basic (2.2s)
✔ [1544/1550] Built Mathlib.RingTheory.SimpleRing.Basic (738ms)
✔ [1545/1550] Built Mathlib.Topology.Metrizable.Uniformity (1.2s)
✔ [1546/1551] Built Mathlib.Algebra.Algebra.IsSimpleRing (702ms)
✔ [1547/1551] Built Mathlib.Topology.Defs.Sequences (614ms)
✔ [1548/1553] Built Mathlib.Topology.UniformSpace.CompleteSeparated (672ms)
✔ [1549/1557] Built Mathlib.Topology.Sequences (1.1s)
✔ [1550/1557] Built Mathlib.Topology.Coherent (899ms)
✔ [1551/1558] Built Mathlib.Topology.UniformSpace.Equiv (1.3s)
✔ [1552/1558] Built Mathlib.Topology.UniformSpace.UniformApproximation (889ms)
✔ [1553/1558] Built Mathlib.Analysis.Normed.Group.Continuity (2.5s)
✔ [1554/1562] Built Mathlib.Topology.Algebra.IsUniformGroup.Constructions (1.0s)
✔ [1555/1562] Built Mathlib.Data.List.Permutation (1.0s)
✔ [1556/1562] Built Mathlib.Data.Fintype.List (725ms)
✔ [1557/1566] Built Mathlib.Topology.UniformSpace.UniformConvergenceTopology (2.3s)
✔ [1558/1567] Built Mathlib.Topology.UniformSpace.Equicontinuity (1.6s)
✔ [1559/1567] Built Mathlib.Data.List.Cycle (2.2s)
✔ [1560/1571] Built Mathlib.Algebra.Quotient (574ms)
✔ [1561/1571] Built Mathlib.Topology.UniformSpace.HeineCantor (868ms)
✔ [1562/1571] Built Mathlib.Dynamics.PeriodicPts.Defs (1.1s)
✔ [1563/1571] Built Mathlib.GroupTheory.Coset.Defs (1.1s)
✔ [1564/1571] Built Mathlib.GroupTheory.GroupAction.Basic (1.9s)
✔ [1565/1574] Built Mathlib.GroupTheory.Coset.Basic (2.4s)
✔ [1566/1575] Built Mathlib.GroupTheory.QuotientGroup.Defs (2.5s)
✔ [1567/1575] Built Mathlib.Algebra.Module.Submodule.Range (1.7s)
✔ [1568/1575] Built Mathlib.LinearAlgebra.Span.Defs (2.1s)
✔ [1569/1575] Built Mathlib.Algebra.Module.Submodule.EqLocus (733ms)
✔ [1570/1576] Built Mathlib.Algebra.Module.LinearMap.DivisionRing (680ms)
✔ [1571/1577] Built Mathlib.GroupTheory.Commutator.Basic (3.5s)
✔ [1572/1577] Built Mathlib.GroupTheory.GroupAction.Quotient (2.1s)
✔ [1573/1577] Built Mathlib.Algebra.Group.Fin.Tuple (676ms)
✔ [1574/1581] Built Mathlib.GroupTheory.QuotientGroup.Basic (3.3s)
✔ [1575/1581] Built Mathlib.Algebra.Ring.Action.Group (539ms)
✔ [1576/1581] Built Mathlib.Topology.Algebra.Group.Quotient (1.1s)
✔ [1577/1581] Built Mathlib.Algebra.Group.Graph (1.8s)
✔ [1578/1581] Built Mathlib.Algebra.Algebra.Equiv (3.6s)
✔ [1579/1587] Built Mathlib.Algebra.Algebra.Prod (936ms)
✔ [1580/1588] Built Mathlib.Algebra.Group.Irreducible.Defs (405ms)
✔ [1581/1588] Built Mathlib.Topology.Algebra.IsUniformGroup.Basic (3.8s)
✔ [1582/1588] Built Mathlib.Algebra.Prime.Defs (568ms)
✔ [1583/1588] Built Mathlib.Algebra.Group.Irreducible.Lemmas (583ms)
✔ [1584/1590] Built Mathlib.Algebra.Prime.Lemmas (674ms)
✔ [1585/1592] Built Mathlib.Algebra.Module.Submodule.Equiv (1.0s)
✔ [1586/1592] Built Mathlib.Algebra.GroupWithZero.Associated (1.4s)
✔ [1587/1592] Built Mathlib.Algebra.GroupWithZero.Submonoid.Pointwise (941ms)
✔ [1588/1592] Built Mathlib.Algebra.Order.Group.Action (579ms)
✔ [1589/1594] Built Mathlib.Algebra.GroupWithZero.Subgroup (1.1s)
✔ [1590/1594] Built Mathlib.Algebra.GroupWithZero.NonZeroDivisors (1.6s)
✔ [1591/1596] Built Mathlib.Order.Closure (1.1s)
✔ [1592/1601] Built Mathlib.Algebra.Module.Submodule.Pointwise (1.9s)
✔ [1593/1603] Built Mathlib.Tactic.FinCases (693ms)
✔ [1594/1603] Built Mathlib.Data.Finite.Set (530ms)
✔ [1595/1603] Built Mathlib.Order.SupClosed (2.3s)
✔ [1596/1605] Built Mathlib.Order.SupIndep (1.7s)
✔ [1597/1607] Built Mathlib.LinearAlgebra.Quotient.Defs (1.6s)
✔ [1598/1607] Built Mathlib.Order.CompactlyGenerated.Basic (1.8s)
✔ [1599/1607] Built Mathlib.Order.Sublattice (1.7s)
✔ [1600/1607] Built Mathlib.LinearAlgebra.GeneralLinearGroup.Basic (926ms)
✔ [1601/1610] Built Mathlib.Algebra.Module.Submodule.Invariant (1.2s)
✔ [1602/1610] Built Mathlib.Data.Rat.BigOperators (614ms)
✔ [1603/1610] Built Mathlib.LinearAlgebra.Span.Basic (2.8s)
✔ [1604/1617] Built Mathlib.LinearAlgebra.Prod (4.3s)
✔ [1605/1617] Built Mathlib.Data.Finsupp.Basic (4.7s)
✔ [1606/1617] Built Mathlib.Data.Finsupp.Option (1.1s)
✔ [1607/1619] Built Mathlib.Data.Finsupp.SMulWithZero (624ms)
✔ [1608/1622] Built Mathlib.Data.Finsupp.SMul (977ms)
✔ [1609/1622] Built Mathlib.LinearAlgebra.Pi (2.0s)
✔ [1610/1622] Built Mathlib.Data.FunLike.Group (992ms)
✔ [1611/1622] Built Mathlib.LinearAlgebra.Finsupp.Defs (2.3s)
✔ [1612/1622] Built Mathlib.Data.FunLike.Ring (666ms)
✔ [1613/1622] Built Mathlib.LinearAlgebra.Quotient.Basic (2.5s)
✔ [1614/1622] Built Mathlib.Data.FunLike.Module (664ms)
✔ [1615/1625] Built Mathlib.LinearAlgebra.Finsupp.LSum (2.0s)
✔ [1616/1625] Built Mathlib.LinearAlgebra.Finsupp.Supported (1.2s)
✔ [1617/1625] Built Mathlib.Topology.UniformSpace.AbstractCompletion (1.3s)
✔ [1618/1626] Built Mathlib.LinearAlgebra.Projection (4.2s)
✔ [1619/1627] Built Mathlib.Topology.UniformSpace.Completion (1.2s)
✔ [1620/1629] Built Mathlib.LinearAlgebra.Finsupp.LinearCombination (2.4s)
✔ [1621/1629] Built Mathlib.Order.Interval.Set.ProjIcc (898ms)
✔ [1622/1629] Built Mathlib.Topology.Bornology.Hom (693ms)
✔ [1623/1631] Built Mathlib.Topology.Algebra.UniformMulAction (1.2s)
✔ [1624/1631] Built Mathlib.Topology.Algebra.Module.Basic (1.4s)
✔ [1625/1631] Built Mathlib.Topology.EMetricSpace.Lipschitz (1.5s)
✔ [1626/1631] Built Mathlib.Topology.Order.LiminfLimsup (1.9s)
✔ [1627/1637] Built Mathlib.Topology.MetricSpace.Lipschitz (1.1s)
✔ [1628/1637] Built Mathlib.Data.Fintype.Lattice (620ms)
✔ [1629/1637] Built Mathlib.Topology.MetricSpace.Antilipschitz (883ms)
✔ [1630/1639] Built Mathlib.Topology.MetricSpace.Isometry (1.8s)
✔ [1631/1639] Built Mathlib.Topology.Algebra.Module.ContinuousLinearMap.Basic (7.5s)
✔ [1632/1639] Built Mathlib.Algebra.Algebra.Opposite (1.5s)
✔ [1633/1641] Built Mathlib.Topology.MetricSpace.IsometricSMul (3.4s)
✔ [1634/1641] Built Mathlib.Algebra.Algebra.Pi (1.2s)
✔ [1635/1641] Built Mathlib.Topology.Algebra.SeparationQuotient.Basic (2.3s)
✔ [1636/1641] Built Mathlib.Algebra.Algebra.Tower (1.9s)
✔ [1637/1645] Built Mathlib.Algebra.Algebra.RestrictScalars (885ms)
✔ [1638/1648] Built Mathlib.Topology.MetricSpace.Algebra (2.3s)
✔ [1639/1648] Built Mathlib.Analysis.Normed.Group.Constructions (1.7s)
✔ [1640/1648] Built Mathlib.Algebra.Algebra.NonUnitalHom (3.2s)
✔ [1641/1648] Built Mathlib.Analysis.Normed.Group.Submodule (736ms)
✔ [1642/1648] Built Mathlib.Analysis.Normed.Group.Uniform (3.1s)
✔ [1643/1654] Built Mathlib.Analysis.Normed.Group.Hom (2.7s)
✔ [1644/1654] Built Mathlib.Algebra.Group.Subgroup.Order (687ms)
✔ [1645/1654] Built Mathlib.Topology.Instances.Nat (741ms)
✔ [1646/1655] Built Mathlib.GroupTheory.Archimedean (1.1s)
✔ [1647/1656] Built Mathlib.Algebra.Algebra.NonUnitalSubalgebra (6.0s)
✔ [1648/1656] Built Mathlib.Topology.Algebra.Order.Archimedean (895ms)
✔ [1649/1658] Built Mathlib.Algebra.Order.GroupWithZero.Finset (647ms)
✔ [1650/1658] Built Mathlib.Analysis.Normed.Group.Bounded (1.4s)
✔ [1651/1659] Built Mathlib.Topology.Instances.Rat (1.2s)
✔ [1652/1659] Built Mathlib.Topology.MetricSpace.Dilation (1.3s)
✔ [1653/1659] Built Mathlib.Algebra.Algebra.Subalgebra.Basic (4.5s)
✔ [1654/1659] Built Mathlib.Analysis.Normed.Group.Rat (712ms)
✔ [1655/1664] Built Mathlib.Topology.MetricSpace.DilationEquiv (1.1s)
✔ [1656/1665] Built Mathlib.Algebra.Order.AddTorsor (530ms)
✔ [1657/1665] Built Mathlib.Data.ENNReal.Action (885ms)
✔ [1658/1669] Built Mathlib.LinearAlgebra.Basis.Defs (2.5s)
✔ [1659/1670] Built Mathlib.Analysis.Normed.Ring.Basic (4.7s)
✔ [1660/1670] Built Mathlib.Analysis.Normed.Ring.Lemmas (1.7s)
✔ [1661/1673] Built Mathlib.Data.DFinsupp.Defs (2.6s)
✔ [1662/1673] Built Mathlib.Data.DFinsupp.Module (1.0s)
✔ [1663/1674] Built Mathlib.Data.DFinsupp.Ext (549ms)
✔ [1664/1674] Built Mathlib.Analysis.Normed.Field.Basic (2.4s)
✔ [1665/1675] Built Mathlib.Data.List.Pi (640ms)
✔ [1666/1675] Built Mathlib.Data.Finsupp.ToDFinsupp (1.0s)
✔ [1667/1675] Built Mathlib.Data.DFinsupp.BigOperators (2.7s)
✔ [1668/1675] Built Mathlib.Analysis.Normed.MulAction (1.8s)
✔ [1669/1676] Built Mathlib.Data.Fintype.Quotient (748ms)
✔ [1670/1676] Built Mathlib.Data.DFinsupp.Submonoid (721ms)
✔ [1671/1676] Built Mathlib.LinearAlgebra.Finsupp.SumProd (808ms)
✔ [1672/1676] Built Mathlib.Data.DFinsupp.Sigma (924ms)
✔ [1673/1678] Built Mathlib.Data.Fin.Tuple.Reflection (1.1s)
✔ [1674/1679] Built Mathlib.Analysis.Normed.Field.Lemmas (2.2s)
✔ [1675/1681] Built Mathlib.Analysis.Normed.Module.Basic (3.0s)
✔ [1676/1684] Built Mathlib.LinearAlgebra.LinearIndependent.Defs (3.3s)
✔ [1677/1684] Built Mathlib.LinearAlgebra.BilinearMap (8.1s)
✔ [1678/1684] Built Mathlib.Logic.Equiv.Fin.Rotate (650ms)
✔ [1679/1685] Built Mathlib.LinearAlgebra.LinearIndependent.Basic (3.0s)
✔ [1680/1688] Built Mathlib.LinearAlgebra.Dual.Defs (2.6s)
✔ [1681/1689] Built Mathlib.Tactic.Module (6.6s)
✔ [1682/1689] Built Mathlib.Topology.Algebra.Module.ContinuousLinearMap.Restrict (1.3s)
✔ [1683/1689] Built Mathlib.Topology.Algebra.Module.ContinuousLinearMap.PiProd (2.3s)
✔ [1684/1689] Built Mathlib.Algebra.Star.Pi (609ms)
✔ [1685/1689] Built Mathlib.LinearAlgebra.LinearIndependent.Lemmas (3.4s)
✔ [1686/1692] Built Mathlib.LinearAlgebra.DFinsupp (3.6s)
✔ [1687/1695] Built Mathlib.Algebra.Group.TransferInstance (1.0s)
✔ [1688/1700] Built Mathlib.Algebra.Group.Action.TransferInstance (846ms)
✔ [1689/1701] Built Mathlib.Algebra.GroupWithZero.Action.TransferInstance (621ms)
✔ [1690/1701] Built Mathlib.Topology.Algebra.Module.Equiv (9.2s)
✔ [1691/1702] Built Mathlib.Algebra.Group.Shrink (737ms)
✔ [1692/1702] Built Mathlib.Algebra.Module.Submodule.Bilinear (1.0s)
✔ [1693/1702] Built Mathlib.Algebra.Module.TransferInstance (1.0s)
✔ [1694/1703] Built Mathlib.Algebra.Group.Pointwise.Set.BigOperators (1.1s)
✔ [1695/1703] Built Mathlib.Algebra.Module.Submodule.Finsupp (914ms)
✔ [1696/1704] Built Mathlib.Algebra.Module.Shrink (550ms)
✔ [1697/1704] Built Mathlib.Algebra.Ring.NonZeroDivisors (746ms)
✔ [1698/1704] Built Mathlib.LinearAlgebra.TensorProduct.Defs (4.3s)
✔ [1699/1704] Built Mathlib.Algebra.Ring.Submonoid.Pointwise (1.1s)
✔ [1700/1706] Built Mathlib.LinearAlgebra.TensorProduct.Basic (4.5s)
✔ [1701/1710] Built Mathlib.Analysis.Normed.Operator.LinearIsometry (15s)
✔ [1702/1710] Built Mathlib.Algebra.Order.Kleene (1.3s)
✔ [1703/1710] Built Mathlib.GroupTheory.GroupAction.SubMulAction.Pointwise (1.1s)
✔ [1704/1712] Built Mathlib.Data.Set.Semiring (1.0s)
✔ [1705/1713] Built Mathlib.Algebra.Module.LinearMap.Star (623ms)
✔ [1706/1713] Built Mathlib.LinearAlgebra.TensorProduct.Map (7.1s)
✔ [1707/1713] Built Mathlib.Algebra.Star.Module (1.8s)
✔ [1708/1715] Built Mathlib.Algebra.Algebra.Bilinear (2.0s)
✔ [1709/1718] Built Mathlib.Algebra.Star.StarAlgHom (3.9s)
✔ [1710/1718] Built Mathlib.Algebra.Star.Pointwise (678ms)
✔ [1711/1718] Built Mathlib.Algebra.Star.Prod (565ms)
✔ [1712/1718] Built Mathlib.Algebra.Star.Center (591ms)
✔ [1713/1718] Built Mathlib.Algebra.Algebra.Operations (4.2s)
✔ [1714/1718] Built Mathlib.Algebra.Algebra.Subalgebra.Lattice (2.0s)
✔ [1715/1719] Built Mathlib.Algebra.Algebra.Subalgebra.Directed (1.3s)
✔ [1716/1721] Built Mathlib.Algebra.Module.BigOperators (689ms)
✔ [1717/1722] Built Mathlib.RingTheory.Coprime.Basic (1.2s)
✔ [1718/1723] Built Mathlib.RingTheory.Coprime.Lemmas (1.1s)
✔ [1719/1723] Built Mathlib.Algebra.Field.IsField (692ms)
✔ [1720/1731] Built Mathlib.Data.Nat.Choose.Sum (1.1s)
✔ [1721/1732] Built Mathlib.RingTheory.Ideal.Defs (730ms)
✔ [1722/1734] Built Mathlib.RingTheory.Ideal.Lattice (657ms)
✔ [1723/1736] Built Mathlib.RingTheory.Ideal.Span (1.0s)
✔ [1724/1736] Built Mathlib.RingTheory.Ideal.Prime (772ms)
✔ [1725/1737] Built Mathlib.Algebra.Star.NonUnitalSubalgebra (13s)
✔ [1726/1737] Built Mathlib.Tactic.NoncommRing (710ms)
✔ [1727/1737] Built Mathlib.Algebra.Star.MonoidHom (1.2s)
✔ [1728/1739] Built Mathlib.RingTheory.Ideal.Maximal (924ms)
✔ [1729/1739] Built Mathlib.Data.Real.Star (568ms)
✔ [1730/1740] Built Mathlib.RingTheory.Ideal.Nonunits (741ms)
✔ [1731/1740] Built Mathlib.RingTheory.Ideal.Basic (976ms)
✔ [1732/1740] Built Mathlib.Topology.Algebra.Module.Star (1.7s)
✔ [1733/1740] Built Mathlib.Algebra.Star.Subalgebra (5.8s)
✔ [1734/1743] Built Mathlib.Analysis.Normed.Operator.ContinuousLinearMap (1.8s)
✔ [1735/1744] Built Mathlib.Data.Nat.Prime.Defs (897ms)
✔ [1736/1746] Built Mathlib.Algebra.CharP.Defs (948ms)
✔ [1737/1746] Built Mathlib.Algebra.Group.Submonoid.Finite (774ms)
✔ [1738/1747] Built Mathlib.Algebra.CharP.Two (803ms)
✔ [1739/1747] Built Mathlib.RingTheory.Ideal.Operations (4.2s)
✔ [1740/1747] Built Mathlib.SetTheory.Cardinal.NatCard (774ms)
✔ [1741/1747] Built Mathlib.Data.Int.ModEq (937ms)
✔ [1742/1752] Built Mathlib.Algebra.Group.Subgroup.Finite (1.3s)
✔ [1743/1754] Built Mathlib.Algebra.Ring.Associated (566ms)
✔ [1744/1754] Built Mathlib.RingTheory.Ideal.Maps (3.8s)
✔ [1745/1754] Built Mathlib.Data.Nat.Prime.Basic (853ms)
✔ [1746/1755] Built Mathlib.Algebra.GCDMonoid.Basic (3.5s)
✔ [1747/1755] Built Mathlib.Algebra.GCDMonoid.Nat (674ms)
✔ [1748/1757] Built Mathlib.Algebra.Algebra.Spectrum.Basic (2.2s)
✔ [1749/1757] Built Mathlib.Algebra.GCDMonoid.Multiset (824ms)
✔ [1750/1757] Built Mathlib.Data.Set.Card (3.1s)
✔ [1751/1757] Built Mathlib.Algebra.Star.Unitary (3.5s)
✔ [1752/1757] Built Mathlib.GroupTheory.Coset.Card (1.7s)
✔ [1753/1758] Built Mathlib.Algebra.GCDMonoid.Finset (811ms)
✔ [1754/1760] Built Mathlib.Analysis.CStarAlgebra.Basic (1.0s)
✔ [1755/1760] Built Mathlib.Dynamics.PeriodicPts.Lemmas (723ms)
✔ [1756/1760] Built Mathlib.Data.Nat.Log (945ms)
✔ [1757/1767] Built Mathlib.GroupTheory.Index (3.0s)
✔ [1758/1767] Built Mathlib.Data.Nat.Prime.Pow (507ms)
✔ [1759/1768] Built Mathlib.Data.List.Prime (612ms)
✔ [1760/1768] Built Mathlib.Data.Nat.Prime.Infinite (515ms)
✔ [1761/1768] Built Mathlib.Order.Interval.Set.Infinite (577ms)
✔ [1762/1770] Built Mathlib.Algebra.IsPrimePow (695ms)
✔ [1763/1770] Built Mathlib.Data.Nat.Factors (808ms)
✔ [1764/1770] Built Mathlib.Algebra.Group.TypeTags.Finite (523ms)
✔ [1765/1774] Built Mathlib.Algebra.Group.AddChar (1.7s)
✔ [1766/1775] Built Mathlib.Data.Nat.PrimeFin (681ms)
✔ [1767/1775] Built Mathlib.Tactic.LinearCombination.Lemmas (826ms)
✔ [1768/1775] Built Mathlib.Tactic.Ring.Compare (1.1s)
✔ [1769/1775] Built Mathlib.Data.Complex.BigOperators (768ms)
✔ [1770/1776] Built Mathlib.Tactic.LinearCombination (1.2s)
✔ [1771/1777] Built Mathlib.Algebra.CharP.Invertible (660ms)
✔ [1772/1778] Built Mathlib.Algebra.Algebra.Subalgebra.Tower (1.0s)
✔ [1773/1778] Built Mathlib.NumberTheory.Divisors (4.3s)
✔ [1774/1781] Built Mathlib.LinearAlgebra.Basis.Basic (1.2s)
✔ [1775/1781] Built Mathlib.Algebra.DirectSum.Basic (2.2s)
✔ [1776/1785] Built Mathlib.Algebra.DirectSum.Module (2.9s)
✔ [1777/1785] Built Mathlib.Algebra.DirectSum.Finsupp (717ms)
✔ [1778/1785] Built Mathlib.GroupTheory.OrderOfElement (7.8s)
✔ [1779/1785] Built Mathlib.Analysis.Normed.Ring.Finite (748ms)
✔ [1780/1786] Built Mathlib.LinearAlgebra.TensorProduct.Associator (4.9s)
✔ [1781/1789] Built Mathlib.Analysis.RCLike.Basic (6.1s)
✔ [1782/1790] Built Mathlib.GroupTheory.Abelianization.Defs (779ms)
✔ [1783/1790] Built Mathlib.GroupTheory.FreeGroup.Basic (3.6s)
✔ [1784/1790] Built Mathlib.Algebra.MonoidAlgebra.Defs (4.0s)
✔ [1785/1790] Built Mathlib.GroupTheory.FreeAbelianGroup (1.0s)
✔ [1786/1792] Built Mathlib.Algebra.FreeAbelianGroup.Finsupp (741ms)
✔ [1787/1793] Built Mathlib.LinearAlgebra.TensorProduct.Tower (14s)
✔ [1788/1795] Built Mathlib.Algebra.MonoidAlgebra.Lift (838ms)
✔ [1789/1795] Built Mathlib.LinearAlgebra.DirectSum.TensorProduct (2.4s)
✔ [1790/1795] Built Mathlib.Algebra.Group.UniqueProds.Basic (2.9s)
✔ [1791/1795] Built Mathlib.Algebra.MonoidAlgebra.Module (2.1s)
✔ [1792/1798] Built Mathlib.Algebra.MonoidAlgebra.Opposite (1.2s)
✔ [1793/1798] Built Mathlib.Algebra.MonoidAlgebra.NoZeroDivisors (910ms)
✔ [1794/1800] Built Mathlib.Data.Multiset.Sort (654ms)
✔ [1795/1804] Built Mathlib.LinearAlgebra.DirectSum.Finsupp (2.4s)
✔ [1796/1805] Built Mathlib.Data.Finsupp.Fintype (566ms)
✔ [1797/1805] Built Mathlib.Data.Finset.Sort (1.0s)
✔ [1798/1805] Built Mathlib.LinearAlgebra.Finsupp.Span (1.1s)
✔ [1799/1805] Built Mathlib.Data.Finite.Sum (523ms)
✔ [1800/1806] Built Mathlib.LinearAlgebra.FreeModule.Basic (1.3s)
✔ [1801/1811] Built Mathlib.Algebra.BigOperators.RingEquiv (574ms)
✔ [1802/1811] Built Mathlib.LinearAlgebra.Matrix.Defs (1.4s)
✔ [1803/1811] Built Mathlib.Algebra.Polynomial.Basic (2.8s)
✔ [1804/1813] Built Mathlib.GroupTheory.DedekindFinite (505ms)
✔ [1805/1813] Built Mathlib.Data.Matrix.Diagonal (993ms)
✔ [1806/1816] Built Mathlib.LinearAlgebra.Finsupp.VectorSpace (1.1s)
✔ [1807/1817] Built Mathlib.LinearAlgebra.TensorProduct.Basis (1.7s)
✔ [1808/1817] Built Mathlib.Algebra.Star.BigOperators (613ms)
✔ [1809/1818] Built Mathlib.Data.Matrix.Mul (2.0s)
✔ [1810/1818] Built Mathlib.LinearAlgebra.Basis.Fin (1.3s)
✔ [1811/1819] Built Mathlib.Algebra.Module.Projective (1.7s)
✔ [1812/1819] Built Mathlib.LinearAlgebra.Basis.Prod (772ms)
✔ [1813/1825] Built Mathlib.LinearAlgebra.Basis.SMul (1.3s)
✔ [1814/1827] Built Mathlib.LinearAlgebra.StdBasis (1.4s)
✔ [1815/1827] Built Mathlib.RingTheory.AlgebraTower (1.3s)
✔ [1816/1832] Built Mathlib.Algebra.Order.Monoid.Submonoid (461ms)
✔ [1817/1833] Built Mathlib.Data.Matrix.Basic (5.5s)
✔ [1818/1833] Built Mathlib.Algebra.Ring.Regular (424ms)
✔ [1819/1835] Built Mathlib.Topology.Algebra.InfiniteSum.Module (1.4s)
✔ [1820/1835] Built Mathlib.Data.Matrix.Basis (1.7s)
✔ [1821/1835] Built Mathlib.Topology.Algebra.Module.ContinuousLinearMap.RestrictScalars (1.4s)
✔ [1822/1835] Built Mathlib.Algebra.Order.Interval.Set.Instances (1.2s)
✔ [1823/1836] Built Mathlib.Topology.Instances.RealVectorSpace (1.0s)
✔ [1824/1836] Built Mathlib.Data.Matrix.Composition (1.1s)
✔ [1825/1836] Built Mathlib.LinearAlgebra.Matrix.StdBasis (753ms)
✔ [1826/1836] Built Mathlib.LinearAlgebra.Matrix.ConjTranspose (1.6s)
✔ [1827/1836] Built Mathlib.Algebra.QuadraticDiscriminant (1.1s)
✔ [1828/1837] Built Mathlib.Topology.Algebra.Algebra (2.0s)
✔ [1829/1837] Built Mathlib.Data.Matrix.Block (1.9s)
✔ [1830/1837] Built Mathlib.LinearAlgebra.Matrix.RowCol (1.4s)
✔ [1831/1837] Built Mathlib.GroupTheory.GroupAction.Pointwise (963ms)
✔ [1832/1838] Built Mathlib.Topology.Algebra.Algebra.Equiv (1.8s)
✔ [1833/1840] Built Mathlib.Algebra.Ring.Action.Pointwise.Set (671ms)
✔ [1834/1840] Built Mathlib.Algebra.Module.LinearMap.Prod (626ms)
✔ [1835/1840] Built Mathlib.LinearAlgebra.Matrix.Notation (2.3s)
✔ [1836/1845] Built Mathlib.Algebra.Order.Module.Synonym (531ms)
✔ [1837/1845] Built Mathlib.Algebra.Torsor.Basic (1.1s)
✔ [1838/1846] Built Mathlib.LinearAlgebra.AffineSpace.Defs (342ms)
✔ [1839/1846] Built Mathlib.LinearAlgebra.Matrix.ToLin (7.1s)
✔ [1840/1846] Built Mathlib.LinearAlgebra.AffineSpace.AffineMap (6.1s)
✔ [1841/1851] Built Mathlib.Algebra.Order.Algebra (1.2s)
✔ [1842/1854] Built Mathlib.LinearAlgebra.Complex.Module (3.8s)
✔ [1843/1854] Built Mathlib.Algebra.Order.GroupWithZero.Submonoid (420ms)
✔ [1844/1856] Built Mathlib.LinearAlgebra.AffineSpace.AffineEquiv (5.6s)
✔ [1845/1856] Built Mathlib.Analysis.Complex.Basic (3.5s)
✔ [1846/1857] Built Mathlib.Algebra.Ring.Subring.Units (681ms)
✔ [1847/1857] Built Mathlib.LinearAlgebra.AffineSpace.AffineSubspace.Defs (2.6s)
✔ [1848/1857] Built Mathlib.Topology.Bornology.Absorbs (947ms)
✔ [1849/1862] Built Mathlib.LinearAlgebra.AffineSpace.Midpoint (1.4s)
✔ [1850/1862] Built Mathlib.Algebra.Notation.Lemmas (370ms)
✔ [1851/1865] Built Mathlib.Algebra.Order.Pi (665ms)
✔ [1852/1866] Built Mathlib.LinearAlgebra.Ray (2.8s)
✔ [1853/1866] Built Mathlib.Topology.MetricSpace.Equicontinuity (693ms)
✔ [1854/1866] Built Mathlib.Topology.Algebra.UniformConvergence (2.4s)
✔ [1855/1866] Built Mathlib.Topology.Algebra.FilterBasis (2.3s)
✔ [1856/1866] Built Mathlib.Analysis.Convex.Segment (2.5s)
✔ [1857/1870] Built Mathlib.Topology.Algebra.Equicontinuity (843ms)
✔ [1858/1870] Built Mathlib.Analysis.Convex.Star (1.6s)
✔ [1859/1870] Built Mathlib.Analysis.Convex.Basic (2.5s)
✔ [1860/1870] Built Mathlib.LinearAlgebra.AffineSpace.AffineSubspace.Basic (3.6s)
✔ [1861/1870] Built Mathlib.Analysis.Convex.Strict (1.8s)
✔ [1862/1870] Built Mathlib.Analysis.Convex.Hull (976ms)
✔ [1863/1874] Built Mathlib.Analysis.Convex.Function (3.7s)
✔ [1864/1874] Built Mathlib.LinearAlgebra.AffineSpace.Combination (2.7s)
✔ [1865/1874] Built Mathlib.Analysis.LocallyConvex.Basic (1.9s)
✔ [1866/1877] Built Mathlib.Tactic.ProxyType (1.3s)
✔ [1867/1877] Built Mathlib.LinearAlgebra.AffineSpace.Centroid (991ms)
✔ [1868/1879] Built Mathlib.Analysis.LocallyConvex.BalancedCoreHull (1.7s)
✔ [1869/1879] Built Mathlib.Tactic.DeriveFintype (1.1s)
✔ [1870/1879] Built Mathlib.Analysis.Seminorm (8.6s)
✔ [1871/1879] Built Mathlib.LinearAlgebra.LinearPMap (6.5s)
✔ [1872/1882] Built Mathlib.LinearAlgebra.AffineSpace.Pointwise (1.3s)
✔ [1873/1882] Built Mathlib.Data.Sign.Defs (1.2s)
✔ [1874/1882] Built Mathlib.Analysis.LocallyConvex.Bounded (2.6s)
✔ [1875/1882] Built Mathlib.LinearAlgebra.Basis.VectorSpace (2.0s)
✔ [1876/1883] Built Mathlib.LinearAlgebra.AffineSpace.Restrict (976ms)
✔ [1877/1883] Built Mathlib.Data.Sign.Basic (1.1s)
✔ [1878/1890] Built Mathlib.Topology.Order.ProjIcc (778ms)
✔ [1879/1890] Built Mathlib.Topology.Hom.ContinuousEvalConst (637ms)
✔ [1880/1890] Built Mathlib.LinearAlgebra.AffineSpace.Independent (3.6s)
✔ [1881/1893] Built Mathlib.Topology.UnitInterval (2.6s)
✔ [1882/1893] Built Mathlib.Topology.Hom.ContinuousEval (652ms)
✔ [1883/1893] Built Mathlib.LinearAlgebra.AffineSpace.Basis (2.3s)
✔ [1884/1896] Built Mathlib.LinearAlgebra.AffineSpace.Simplex.Basic (2.9s)
✔ [1885/1896] Built Mathlib.Topology.CompactOpen (1.4s)
✔ [1886/1896] Built Mathlib.LinearAlgebra.Finsupp.Pi (1.6s)
✔ [1887/1896] Built Mathlib.Topology.Algebra.Group.Torsor (1.1s)
✔ [1888/1896] Built Mathlib.Topology.Path (3.1s)
✔ [1889/1896] Built Mathlib.Topology.Algebra.Monoid.FunOnFinite (656ms)
✔ [1890/1896] Built Mathlib.Analysis.Convex.Combination (5.2s)
✔ [1891/1904] Built Mathlib.Topology.Algebra.Affine (1.2s)
✔ [1892/1906] Built Mathlib.Topology.Connected.PathConnected (1.7s)
✔ [1893/1906] Built Mathlib.Tactic.Peel (1.0s)
✔ [1894/1906] Built Mathlib.Topology.NhdsKer (750ms)
✔ [1895/1906] Built Mathlib.Analysis.Convex.PathConnected (1.4s)
✔ [1896/1907] Built Mathlib.Topology.Compactness.NhdsKer (605ms)
✔ [1897/1908] Built Mathlib.Analysis.Convex.StdSimplex (1.9s)
✔ [1898/1908] Built Mathlib.Topology.AlexandrovDiscrete (891ms)
✔ [1899/1908] Built Mathlib.Algebra.Field.GeomSum (770ms)
✔ [1900/1908] Built Mathlib.LinearAlgebra.SesquilinearForm.Basic (5.3s)
✔ [1901/1908] Built Mathlib.Data.Nat.Factorial.BigOperators (662ms)
✔ [1902/1909] Built Mathlib.Topology.Connected.LocPathConnected (930ms)
✔ [1903/1909] Built Mathlib.Analysis.Convex.Topology (2.4s)
✔ [1904/1912] Built Mathlib.Data.Real.ENatENNReal (789ms)
✔ [1905/1912] Built Mathlib.Algebra.BigOperators.WithTop (757ms)
✔ [1906/1912] Built Mathlib.Topology.Algebra.Module.LocallyConvex (1.4s)
✔ [1907/1915] Built Mathlib.Topology.MetricSpace.Pseudo.Real (696ms)
✔ [1908/1918] Built Mathlib.Data.ENNReal.BigOperators (980ms)
✔ [1909/1918] Built Mathlib.Data.Rat.Encodable (522ms)
✔ [1910/1918] Built Mathlib.Tactic.Bound (1.1s)
✔ [1911/1918] Built Mathlib.Topology.MetricSpace.ProperSpace.Real (757ms)
✔ [1912/1920] Built Mathlib.Topology.Instances.ENNReal.Lemmas (2.0s)
✔ [1913/1920] Built Mathlib.Analysis.LocallyConvex.WithSeminorms (6.1s)
✔ [1914/1920] Built Mathlib.Data.Nat.Cast.Order.Field (696ms)
✔ [1915/1922] Built Mathlib.Topology.Algebra.InfiniteSum.ENNReal (4.2s)
✔ [1916/1925] Built Mathlib.Analysis.InnerProductSpace.Defs (3.1s)
✔ [1917/1925] Built Mathlib.Data.EReal.Inv (1.4s)
✔ [1918/1925] Built Mathlib.Topology.Algebra.InfiniteSum.Real (998ms)
✔ [1919/1925] Built Mathlib.Topology.Semicontinuity.Defs (1.0s)
✔ [1920/1925] Built Mathlib.Topology.Semicontinuity.Basic (2.9s)
✔ [1921/1928] Built Mathlib.Analysis.InnerProductSpace.Basic (4.0s)
✔ [1922/1928] Built Mathlib.Logic.Equiv.Embedding (510ms)
✔ [1923/1928] Built Mathlib.Topology.Instances.EReal.Lemmas (1.5s)
✔ [1924/1928] Built Mathlib.Topology.Algebra.MetricSpace.Lipschitz (1.3s)
✔ [1925/1929] Built Mathlib.Data.Fintype.CardEmbedding (696ms)
✔ [1926/1934] Built Mathlib.Algebra.BigOperators.Group.Finset.Powerset (754ms)
✔ [1927/1934] Built Mathlib.Data.Fintype.Inv (666ms)
✔ [1928/1935] Built Mathlib.Analysis.SpecificLimits.Basic (2.0s)
✔ [1929/1939] Built Mathlib.Logic.Equiv.Fintype (922ms)
✔ [1930/1939] Built Mathlib.Topology.Algebra.SeparationQuotient.Section (1.0s)
✔ [1931/1939] Built Mathlib.Analysis.InnerProductSpace.Projection.Minimal (2.5s)
✔ [1932/1939] Built Mathlib.Topology.Algebra.Module.UniformConvergence (1.3s)
✔ [1933/1939] Built Mathlib.LinearAlgebra.Multilinear.Basic (5.7s)
✔ [1934/1940] Built Mathlib.Topology.Algebra.Module.Spaces.UniformConvergenceCLM (6.2s)
✔ [1935/1940] Built Mathlib.Topology.Algebra.Module.Multilinear.Basic (3.0s)
✔ [1936/1940] Built Mathlib.Analysis.Convex.Jensen (3.1s)
✔ [1937/1945] Built Mathlib.Topology.Algebra.Module.Multilinear.Bounded (1.4s)
✔ [1938/1949] Built Mathlib.Topology.MetricSpace.HausdorffDistance (1.8s)
✔ [1939/1949] Built Mathlib.Analysis.Normed.Module.RCLike.Real (1.1s)
✔ [1940/1949] Built Mathlib.Topology.Algebra.Module.Spaces.ContinuousLinearMap (8.8s)
✔ [1941/1949] Built Mathlib.Tactic.SuppressCompilation (876ms)
✔ [1942/1949] Built Mathlib.Topology.MetricSpace.Thickening (1.7s)
✔ [1943/1950] Built Mathlib.Analysis.Normed.Group.Pointwise (1.9s)
✔ [1944/1951] Built Mathlib.Analysis.Normed.Module.Convex (1.6s)
✔ [1945/1951] Built Mathlib.Algebra.BigOperators.Module (850ms)
✔ [1946/1951] Built Mathlib.Topology.Algebra.Module.Multilinear.Topology (6.0s)
✔ [1947/1952] Built Mathlib.Algebra.Order.Field.Power (1.1s)
✔ [1948/1953] Built Mathlib.Algebra.MonoidAlgebra.Support (1.1s)
✔ [1949/1959] Built Mathlib.Algebra.Polynomial.Coeff (1.3s)
✔ [1950/1959] Built Mathlib.Analysis.Normed.Operator.Basic (5.1s)
✔ [1951/1959] Built Mathlib.Data.Nat.Cast.WithTop (391ms)
✔ [1952/1959] Built Mathlib.Algebra.MonoidAlgebra.Degree (2.3s)
✔ [1953/1959] Built Mathlib.Algebra.Polynomial.Degree.Defs (1.2s)
✔ [1954/1959] Built Mathlib.Algebra.Polynomial.Degree.Operations (1.5s)
✔ [1955/1960] Built Mathlib.Algebra.Polynomial.Degree.Support (757ms)
✔ [1956/1960] Built Mathlib.Algebra.Polynomial.Degree.TrailingDegree (1.0s)
✔ [1957/1963] Built Mathlib.Algebra.Polynomial.Degree.Domain (728ms)
✔ [1958/1967] Built Mathlib.Data.Nat.WithBot (454ms)
✔ [1959/1967] Built Mathlib.Algebra.Polynomial.Degree.SmallDegree (989ms)
✔ [1960/1967] Built Mathlib.Algebra.Polynomial.Eval.Defs (1.6s)
✔ [1961/1972] Built Mathlib.Analysis.Normed.Operator.Bilinear (10s)
✔ [1962/1972] Built Mathlib.Algebra.Polynomial.Degree.Units (725ms)
✔ [1963/1972] Built Mathlib.Algebra.Polynomial.Eval.Coeff (946ms)
✔ [1964/1972] Built Mathlib.Algebra.Polynomial.Monomial (799ms)
✔ [1965/1973] Built Mathlib.Algebra.Polynomial.Eval.Degree (1.1s)
✔ [1966/1973] Built Mathlib.Algebra.Polynomial.Degree.Monomial (645ms)
✔ [1967/1974] Built Mathlib.Algebra.Polynomial.Degree.Lemmas (1.3s)
✔ [1968/1974] Built Mathlib.Analysis.Asymptotics.Defs (4.6s)
✔ [1969/1974] Built Mathlib.Algebra.Polynomial.EraseLead (1.6s)
✔ [1970/1974] Built Mathlib.Analysis.Normed.Group.InfiniteSum (906ms)
✔ [1971/1974] Built Mathlib.Algebra.Polynomial.Reverse (1.1s)
✔ [1972/1976] Built Mathlib.Algebra.Polynomial.Monic (1.2s)
✔ [1973/1982] Built Mathlib.Analysis.Normed.Module.Multilinear.Basic (14s)
✔ [1974/1983] Built Mathlib.Topology.Compactness.Bases (725ms)
✔ [1975/1983] Built Mathlib.Logic.Equiv.PartialEquiv (1.5s)
✔ [1976/1983] Built Mathlib.Order.Copy (875ms)
✔ [1977/1985] Built Mathlib.Topology.OpenPartialHomeomorph.Defs (801ms)
✔ [1978/1986] Built Mathlib.Analysis.Normed.Ring.InfiniteSum (1.7s)
✔ [1979/1987] Built Mathlib.Topology.Order.Lattice (1.1s)
✔ [1980/1987] Built Mathlib.Topology.Sets.Opens (1.5s)
✔ [1981/1987] Built Mathlib.Data.Nat.Choose.Bounds (808ms)
✔ [1982/1987] Built Mathlib.Analysis.Normed.Order.Lattice (1.2s)
✔ [1983/1990] Built Mathlib.Order.Filter.AtTopBot.ModEq (572ms)
✔ [1984/1993] Built Mathlib.Algebra.Polynomial.Eval.Algebra (640ms)
✔ [1985/1993] Built Mathlib.Topology.OpenPartialHomeomorph.Basic (882ms)
✔ [1986/1993] Built Mathlib.RingTheory.Polynomial.Pochhammer (1.2s)
✔ [1987/1993] Built Mathlib.RingTheory.Ideal.Quotient.Defs (1.2s)
✔ [1988/1994] Built Mathlib.Topology.OpenPartialHomeomorph.Continuity (740ms)
✔ [1989/2000] Built Mathlib.Topology.Algebra.Ring.Ideal (785ms)
✔ [1990/2000] Built Mathlib.Analysis.Normed.Module.Span (1.3s)
✔ [1991/2000] Built Mathlib.Analysis.Normed.Operator.NNNorm (2.1s)
✔ [1992/2000] Built Mathlib.Analysis.Asymptotics.Lemmas (4.5s)
✔ [1993/2000] Built Mathlib.Analysis.Normed.Operator.NormedSpace (3.7s)
✔ [1994/2000] Built Mathlib.Analysis.SpecificLimits.Normed (3.6s)
✔ [1995/2001] Built Mathlib.Analysis.Normed.Ring.Units (1.3s)
✔ [1996/2003] Built Mathlib.LinearAlgebra.Basis.Submodule (1.4s)
✔ [1997/2003] Built Mathlib.Analysis.Normed.Operator.Mul (4.6s)
✔ [1998/2005] Built Mathlib.LinearAlgebra.Dimension.Basic (1.4s)
✔ [1999/2005] Built Mathlib.LinearAlgebra.Dimension.Finrank (781ms)
✔ [2000/2006] Built Mathlib.GroupTheory.QuotientGroup.Finite (802ms)
✔ [2001/2006] Built Mathlib.RingTheory.Ideal.Quotient.Basic (1.4s)
✔ [2002/2007] Built Mathlib.Algebra.Module.Submodule.IterateMapComap (669ms)
✔ [2003/2012] Built Mathlib.Analysis.Normed.Operator.BoundedLinearMaps (4.8s)
✔ [2004/2012] Built Mathlib.Algebra.Order.SuccPred.PartialSups (748ms)
✔ [2005/2012] Built Mathlib.Analysis.InnerProductSpace.Continuous (1.3s)
✔ [2006/2012] Built Mathlib.GroupTheory.Finiteness (2.4s)
✔ [2007/2013] Built Mathlib.Tactic.Algebraize (1.4s)
✔ [2008/2013] Built Mathlib.RingTheory.Finiteness.Defs (840ms)
✔ [2009/2013] Built Mathlib.Algebra.Module.Congruence.Defs (1.0s)
✔ [2010/2013] Built Mathlib.RingTheory.Finiteness.Basic (1.8s)
✔ [2011/2015] Built Mathlib.RingTheory.Noetherian.Defs (844ms)
✔ [2012/2015] Built Mathlib.Order.Cofinal (515ms)
✔ [2013/2023] Built Mathlib.Analysis.InnerProductSpace.LinearMap (6.3s)
✔ [2014/2023] Built Mathlib.SetTheory.Cardinal.Cofinality.Basic (984ms)
✔ [2015/2031] Built Mathlib.Order.SuccPred.InitialSeg (667ms)
✔ [2016/2039] Built Mathlib.Logic.Small.List (490ms)
✔ [2017/2041] Built Mathlib.Order.DirSupClosed (1.3s)
✔ [2018/2043] Built Mathlib.LinearAlgebra.Quotient.Card (606ms)
✔ [2019/2043] Built Mathlib.Order.IsNormal (1.2s)
✔ [2020/2045] Built Mathlib.LinearAlgebra.Isomorphisms (1.5s)
✔ [2021/2045] Built Mathlib.RingTheory.Ideal.Prod (963ms)
✔ [2022/2045] Built Mathlib.Algebra.Exact.Basic (4.2s)
✔ [2023/2048] Built Mathlib.RingTheory.Finiteness.Finsupp (1.0s)
✔ [2024/2048] Built Mathlib.Algebra.EuclideanDomain.Defs (682ms)
✔ [2025/2048] Built Mathlib.SetTheory.Ordinal.Basic (3.1s)
✔ [2026/2048] Built Mathlib.Algebra.EuclideanDomain.Field (521ms)
✔ [2027/2048] Built Mathlib.Algebra.EuclideanDomain.Basic (1.1s)
✔ [2028/2056] Built Mathlib.SetTheory.Ordinal.Univ (698ms)
✔ [2029/2057] Built Mathlib.Algebra.GroupWithZero.Submonoid.Primal (567ms)
✔ [2030/2057] Built Mathlib.SetTheory.Ordinal.Arithmetic (2.4s)
✔ [2031/2057] Built Mathlib.LinearAlgebra.Dimension.Subsingleton (719ms)
✔ [2032/2057] Built Mathlib.RingTheory.UniqueFactorizationDomain.Defs (808ms)
✔ [2033/2058] Built Mathlib.RingTheory.UniqueFactorizationDomain.Ideal (816ms)
✔ [2034/2064] Built Mathlib.SetTheory.Ordinal.Family (1.8s)
✔ [2035/2064] Built Mathlib.RingTheory.Noetherian.UniqueFactorizationDomain (683ms)
✔ [2036/2064] Built Mathlib.Algebra.Order.Group.Finset (966ms)
✔ [2037/2064] Built Mathlib.SetTheory.Ordinal.Exponential (1.2s)
✔ [2038/2066] Built Mathlib.SetTheory.Ordinal.Enum (740ms)
✔ [2039/2066] Built Mathlib.SetTheory.Cardinal.Cofinality.Enum (822ms)
✔ [2040/2067] Built Mathlib.Order.Preorder.Finsupp (648ms)
✔ [2041/2067] Built Mathlib.SetTheory.Ordinal.FixedPoint (952ms)
✔ [2042/2067] Built Mathlib.RingTheory.PrincipalIdealDomain (1.4s)
✔ [2043/2072] Built Mathlib.Data.Finsupp.Multiset (1.1s)
✔ [2044/2072] Built Mathlib.SetTheory.Ordinal.Principal (1.4s)
✔ [2045/2072] Built Mathlib.RingTheory.Finiteness.Lattice (653ms)
✔ [2046/2076] Built Mathlib.Tactic.IntervalCases (1.8s)
✔ [2047/2076] Built Mathlib.RingTheory.LocalRing.Defs (325ms)
✔ [2048/2076] Built Mathlib.SetTheory.Cardinal.Aleph (2.2s)
✔ [2049/2081] Built Mathlib.RingTheory.LocalRing.Basic (680ms)
✔ [2050/2081] Built Mathlib.SetTheory.Cardinal.Arithmetic (1.5s)
✔ [2051/2081] Built Mathlib.Topology.MetricSpace.Gluing (1.6s)
✔ [2052/2081] Built Mathlib.SetTheory.Cardinal.Finsupp (673ms)
✔ [2053/2081] Built Mathlib.Analysis.Normed.Group.AddTorsor (1.2s)
✔ [2054/2084] Built Mathlib.SetTheory.Cardinal.Ordinal (976ms)
✔ [2055/2086] Built Mathlib.SetTheory.Cardinal.Cofinality.Ordinal (1.8s)
✔ [2056/2086] Built Mathlib.Topology.Metrizable.CompletelyMetrizable (1.1s)
✔ [2057/2086] Built Mathlib.SetTheory.Ordinal.FundamentalSequence (857ms)
✔ [2058/2086] Built Mathlib.Topology.Sets.Closeds (1.5s)
✔ [2059/2086] Built Mathlib.Topology.Baire.CompleteMetrizable (980ms)
✔ [2060/2086] Built Mathlib.SetTheory.Cardinal.Regular (1.1s)
✔ [2061/2086] Built Mathlib.Topology.Algebra.Module.ContinuousLinearMap.Idempotent (3.0s)
✔ [2062/2086] Built Mathlib.Topology.Algebra.Module.ClosedSubmodule (2.2s)
✔ [2063/2088] Built Mathlib.SetTheory.Cardinal.Pigeonhole (742ms)
✔ [2064/2089] Built Mathlib.LinearAlgebra.Basis.Cardinality (1.1s)
✔ [2065/2089] Built Mathlib.Analysis.Asymptotics.Theta (1.5s)
✔ [2066/2089] Built Mathlib.RingTheory.Finiteness.Cardinality (870ms)
✔ [2067/2089] Built Mathlib.Analysis.Normed.Group.Lemmas (736ms)
✔ [2068/2089] Built Mathlib.Analysis.Normed.Operator.Banach (6.8s)
✔ [2069/2089] Built Mathlib.LinearAlgebra.FreeModule.Finite.Basic (702ms)
✔ [2070/2089] Built Mathlib.Analysis.Asymptotics.AsymptoticEquivalent (1.7s)
✔ [2071/2093] Built Mathlib.RingTheory.OrzechProperty (840ms)
✔ [2072/2093] Built Mathlib.RingTheory.Noetherian.Basic (1.7s)
✔ [2073/2095] Built Mathlib.RingTheory.Noetherian.Orzech (829ms)
✔ [2074/2096] Built Mathlib.LinearAlgebra.InvariantBasisNumber (1.3s)
✔ [2075/2096] Built Mathlib.Topology.Algebra.ContinuousAffineMap (5.2s)
✔ [2076/2096] Built Mathlib.Analysis.Normed.Module.RCLike.Basic (1.4s)
✔ [2077/2096] Built Mathlib.LinearAlgebra.Dimension.StrongRankCondition (1.5s)
✔ [2078/2096] Built Mathlib.Analysis.Normed.Module.Ball.Pointwise (2.3s)
✔ [2079/2096] Built Mathlib.Topology.Algebra.AffineSubspace (831ms)
✔ [2080/2096] Built Mathlib.Topology.Algebra.ContinuousAffineEquiv (2.8s)
✔ [2081/2096] Built Mathlib.Analysis.Normed.Module.RieszLemma (1.2s)
✔ [2082/2099] Built Mathlib.LinearAlgebra.Dimension.Free (1.7s)
✔ [2083/2099] Built Mathlib.LinearAlgebra.FiniteDimensional.Defs (1.1s)
✔ [2084/2099] Built Mathlib.LinearAlgebra.Dimension.Constructions (2.3s)
✔ [2085/2099] Built Mathlib.Logic.Equiv.Multiset (607ms)
✔ [2086/2099] Built Mathlib.Analysis.Normed.Affine.Isometry (6.3s)
✔ [2087/2099] Built Mathlib.LinearAlgebra.Dimension.FreeAndStrongRankCondition (1.2s)
✔ [2088/2099] Built Mathlib.Logic.Equiv.Finset (729ms)
✔ [2089/2100] Built Mathlib.LinearAlgebra.Dimension.Finite (1.6s)
✔ [2090/2100] Built Mathlib.Logic.Encodable.Pi (567ms)
✔ [2091/2100] Built Mathlib.LinearAlgebra.Dimension.RankNullity (1.9s)
✔ [2092/2100] Built Mathlib.LinearAlgebra.FiniteDimensional.Basic (2.5s)
✔ [2093/2101] Built Mathlib.LinearAlgebra.Dual.Basis (1.3s)
✔ [2094/2104] Built Mathlib.Algebra.FreeMonoid.UniqueProds (563ms)
✔ [2095/2106] Built Mathlib.LinearAlgebra.Dimension.DivisionRing (1.5s)
✔ [2096/2106] Built Mathlib.LinearAlgebra.FiniteDimensional.Lemmas (1.7s)
✔ [2097/2106] Built Mathlib.Algebra.MonoidAlgebra.MapDomain (3.0s)
✔ [2098/2107] Built Mathlib.Analysis.InnerProductSpace.Orthonormal (2.6s)
✔ [2099/2107] Built Mathlib.Analysis.InnerProductSpace.Subspace (2.2s)
✔ [2100/2107] Built Mathlib.Algebra.EuclideanDomain.Int (409ms)
✔ [2101/2107] Built Mathlib.Algebra.MonoidAlgebra.Basic (4.9s)
✔ [2102/2108] Built Mathlib.Analysis.InnerProductSpace.Orthogonal (3.8s)
✔ [2103/2108] Built Mathlib.Algebra.Polynomial.AlgebraMap (2.9s)
✔ [2104/2108] Built Mathlib.Algebra.FreeAlgebra (2.1s)
✔ [2105/2108] Built Mathlib.Algebra.Regular.Pow (514ms)
✔ [2106/2112] Built Mathlib.Analysis.InnerProductSpace.Symmetric (2.6s)
✔ [2107/2114] Built Mathlib.RingTheory.Adjoin.Polynomial.Basic (875ms)
✔ [2108/2114] Built Mathlib.Algebra.Algebra.Subalgebra.Prod (744ms)
✔ [2109/2114] Built Mathlib.Data.Finsupp.Order (1.7s)
✔ [2110/2117] Built Mathlib.RingTheory.Adjoin.Basic (950ms)
✔ [2111/2120] Built Mathlib.Data.Finsupp.Antidiagonal (797ms)
✔ [2112/2120] Built Mathlib.Order.PiLex (950ms)
✔ [2113/2120] Built Mathlib.Data.DFinsupp.Order (1.7s)
✔ [2114/2120] Built Mathlib.Data.DFinsupp.NeLocus (736ms)
✔ [2115/2124] Built Mathlib.Algebra.Order.Group.PiLex (597ms)
✔ [2116/2124] Built Mathlib.Algebra.MvPolynomial.Basic (3.0s)
✔ [2117/2124] Built Mathlib.Data.DFinsupp.Lex (1.5s)
✔ [2118/2131] Built Mathlib.Data.Finsupp.Lex (1.3s)
✔ [2119/2131] Built Mathlib.Algebra.MvPolynomial.Eval (2.7s)
✔ [2120/2131] Built Mathlib.Data.Finsupp.Fin (643ms)
✔ [2121/2131] Built Mathlib.Algebra.Polynomial.BigOperators (1.2s)
✔ [2122/2137] Built Mathlib.Algebra.MvPolynomial.Rename (1.6s)
✔ [2123/2137] Built Mathlib.Algebra.BigOperators.Finsupp.Fin (695ms)
✔ [2124/2137] Built Mathlib.Algebra.Ring.Action.Submonoid (556ms)
✔ [2125/2137] Built Mathlib.Algebra.Ring.Fin (593ms)
✔ [2126/2137] Built Mathlib.Algebra.MvPolynomial.Degrees (1.0s)
✔ [2127/2137] Built Mathlib.Algebra.Algebra.Subalgebra.Operations (1.0s)
✔ [2128/2137] Built Mathlib.Algebra.MvPolynomial.Variables (1.1s)
✔ [2129/2137] Built Mathlib.Algebra.MvPolynomial.Equiv (3.1s)
✔ [2130/2137] Built Mathlib.Algebra.MvPolynomial.CommRing (1.0s)
✔ [2131/2137] Built Mathlib.RingTheory.Polynomial.Basic (2.4s)
✔ [2132/2137] Built Mathlib.RingTheory.Adjoin.FG (931ms)
✔ [2133/2138] Built Mathlib.RingTheory.Adjoin.Tower (1.2s)
✔ [2134/2140] Built Mathlib.RingTheory.Ideal.Quotient.Operations (7.8s)
✔ [2135/2140] Built Mathlib.Algebra.Group.Pointwise.Finset.Scalar (1.3s)
✔ [2136/2140] Built Mathlib.Order.Fin.Tuple (904ms)
✔ [2137/2149] Built Mathlib.Data.Fin.Tuple.NatAntidiagonal (986ms)
✔ [2138/2149] Built Mathlib.RingTheory.FiniteType (2.8s)
✔ [2139/2149] Built Mathlib.Data.Sym.Sym2.Init (285ms)
✔ [2140/2149] Built Mathlib.LinearAlgebra.FreeModule.StrongRankCondition (726ms)
✔ [2141/2150] Built Mathlib.Combinatorics.Enumerative.Composition (2.0s)
✔ [2142/2153] Built Mathlib.GroupTheory.Perm.Basic (621ms)
✔ [2143/2154] Built Mathlib.Data.Sym.Sym2 (3.1s)
✔ [2144/2154] Built Mathlib.GroupTheory.Perm.Support (1.3s)
✔ [2145/2158] Built Mathlib.GroupTheory.Perm.List (982ms)
✔ [2146/2158] Built Mathlib.GroupTheory.Perm.Finite (1.1s)
✔ [2147/2159] Built Mathlib.Data.List.Sym (1.3s)
✔ [2148/2159] Built Mathlib.Data.Fintype.Perm (1.1s)
✔ [2149/2160] Built Mathlib.Data.Multiset.Sym (578ms)
✔ [2150/2160] Built Mathlib.Data.Int.Order.Units (593ms)
✔ [2151/2160] Built Mathlib.Data.List.Iterate (471ms)
✔ [2152/2160] Built Mathlib.Data.Set.Pairwise.List (563ms)
✔ [2153/2163] Built Mathlib.GroupTheory.Perm.Sign (1.3s)
✔ [2154/2165] Built Mathlib.Data.Finset.Sym (940ms)
✔ [2155/2165] Built Mathlib.Data.Nat.GCD.BigOperators (664ms)
✔ [2156/2167] Built Mathlib.GroupTheory.Perm.Cycle.Basic (1.8s)
✔ [2157/2167] Built Mathlib.Algebra.Order.Antidiag.Pi (1.9s)
✔ [2158/2167] Built Mathlib.Tactic.NormNum.GCD (1.4s)
✔ [2159/2167] Built Mathlib.GroupTheory.Perm.Closure (860ms)
✔ [2160/2167] Built Mathlib.GroupTheory.Perm.Option (630ms)
✔ [2161/2167] Built Mathlib.GroupTheory.NoncommPiCoprod (1.8s)
✔ [2162/2171] Built Mathlib.Algebra.Order.Antidiag.Finsupp (1.2s)
✔ [2163/2175] Built Mathlib.GroupTheory.Perm.Cycle.Factors (1.6s)
✔ [2164/2176] Built Mathlib.Combinatorics.Enumerative.Partition.Basic (968ms)
✔ [2165/2176] Built Mathlib.LinearAlgebra.Matrix.SemiringInverse (1.2s)
✔ [2166/2176] Built Mathlib.LinearAlgebra.Multilinear.DFinsupp (3.1s)
✔ [2167/2176] Built Mathlib.LinearAlgebra.Matrix.Dual (1.0s)
✔ [2168/2176] Built Mathlib.GroupTheory.Perm.Cycle.Type (4.1s)
✔ [2169/2177] Built Mathlib.LinearAlgebra.Multilinear.Finsupp (1.8s)
✔ [2170/2178] Built Mathlib.LinearAlgebra.Multilinear.Basis (971ms)
✔ [2171/2178] Built Mathlib.GroupTheory.Perm.Fin (1.8s)
✔ [2172/2182] Built Mathlib.LinearAlgebra.Matrix.Symmetric (855ms)
✔ [2173/2182] Built Mathlib.Tactic.ComputeDegree (1.4s)
✔ [2174/2183] Built Mathlib.LinearAlgebra.Matrix.Invertible (1.6s)
✔ [2175/2187] Built Mathlib.LinearAlgebra.Matrix.Trace (1.1s)
✔ [2176/2187] Built Mathlib.LinearAlgebra.Alternating.Basic (4.7s)
✔ [2177/2187] Built Mathlib.Algebra.Star.TensorProduct (1.3s)
✔ [2178/2188] Built Mathlib.LinearAlgebra.Matrix.Determinant.Basic (2.9s)
✔ [2179/2188] Built Mathlib.LinearAlgebra.Matrix.Polynomial (895ms)
✔ [2180/2188] Built Mathlib.LinearAlgebra.Matrix.MvPolynomial (785ms)
✔ [2181/2189] Built Mathlib.LinearAlgebra.Matrix.Reindex (1.5s)
✔ [2182/2189] Built Mathlib.Data.Fintype.Parity (527ms)
✔ [2183/2190] Built Mathlib.LinearAlgebra.Matrix.Adjugate (1.0s)
✔ [2184/2190] Built Mathlib.RingTheory.TensorProduct.Basic (7.8s)
✔ [2185/2190] Built Mathlib.LinearAlgebra.Matrix.Basis (1.5s)
✔ [2186/2190] Built Mathlib.LinearAlgebra.Matrix.Action (1.1s)
✔ [2187/2192] Built Mathlib.LinearAlgebra.Matrix.Transvection (1.6s)
✔ [2188/2192] Built Mathlib.Algebra.Order.Ring.GeomSum (901ms)
✔ [2189/2194] Built Mathlib.LinearAlgebra.Matrix.Kronecker (2.8s)
✔ [2190/2194] Built Mathlib.Data.Nat.Choose.Central (705ms)
✔ [2191/2194] Built Mathlib.Data.Nat.Digits.Defs (1.0s)
✔ [2192/2204] Built Mathlib.LinearAlgebra.Matrix.NonsingularInverse (2.4s)
✔ [2193/2204] Built Mathlib.Data.Nat.Digits.Lemmas (1.3s)
✔ [2194/2208] Built Mathlib.Data.Nat.MaxPowDiv (467ms)
✔ [2195/2209] Built Mathlib.Algebra.MonoidAlgebra.Division (998ms)
✔ [2196/2210] Built Mathlib.RingTheory.Multiplicity (2.2s)
✔ [2197/2210] Built Mathlib.Algebra.Polynomial.Inductions (995ms)
✔ [2198/2210] Built Mathlib.Algebra.Field.Equiv (525ms)
✔ [2199/2210] Built Mathlib.NumberTheory.Padics.PadicVal.Defs (624ms)
✔ [2200/2210] Built Mathlib.Algebra.Polynomial.Div (1.9s)
✔ [2201/2210] Built Mathlib.Algebra.Field.Subfield.Basic (2.1s)
✔ [2202/2210] Built Mathlib.Data.Nat.Factorization.Defs (1.1s)
✔ [2203/2216] Built Mathlib.Algebra.Polynomial.RingDivision (1.3s)
✔ [2204/2216] Built Mathlib.GroupTheory.OreLocalization.OreSet (626ms)
✔ [2205/2216] Built Mathlib.Data.Nat.Factorization.Basic (1.3s)
✔ [2206/2222] Built Mathlib.Data.Nat.Choose.Factorization (910ms)
✔ [2207/2222] Built Mathlib.Data.Nat.Multiplicity (899ms)
✔ [2208/2223] Built Mathlib.Algebra.CharP.Lemmas (1.1s)
✔ [2209/2223] Built Mathlib.GroupTheory.OreLocalization.Basic (3.3s)
✔ [2210/2223] Built Mathlib.Algebra.Order.Hom.TypeTags (729ms)
✔ [2211/2224] Built Mathlib.Algebra.CharP.Frobenius (899ms)
✔ [2212/2225] Built Mathlib.RingTheory.OreLocalization.Basic (1.1s)
✔ [2213/2225] Built Mathlib.Algebra.CharP.Reduced (695ms)
✔ [2214/2225] Built Mathlib.Data.Nat.Cast.Field (571ms)
✔ [2215/2225] Built Mathlib.RingTheory.OreLocalization.NonZeroDivisors (663ms)
✔ [2216/2225] Built Mathlib.Data.Nat.Factorization.Induction (805ms)
✔ [2217/2225] Built Mathlib.GroupTheory.MonoidLocalization.Basic (4.1s)
✔ [2218/2231] Built Mathlib.RingTheory.OreLocalization.Ring (1.5s)
✔ [2219/2231] Built Mathlib.Algebra.CharP.Basic (795ms)
✔ [2220/2235] Built Mathlib.Algebra.GroupWithZero.Units.Fintype (638ms)
✔ [2221/2235] Built Mathlib.GroupTheory.MonoidLocalization.Maps (3.9s)
✔ [2222/2235] Built Mathlib.Algebra.Group.Nat.Range (570ms)
✔ [2223/2235] Built Mathlib.Data.ZMod.Basic (2.3s)
✔ [2224/2238] Built Mathlib.GroupTheory.MonoidLocalization.MonoidWithZero (861ms)
✔ [2225/2238] Built Mathlib.Data.Nat.Count (762ms)
✔ [2226/2238] Built Mathlib.Data.ZMod.IntUnitsPower (909ms)
✔ [2227/2240] Built Mathlib.Algebra.Group.Units.Opposite (511ms)
✔ [2228/2240] Built Mathlib.Algebra.Ring.NegOnePow (863ms)
✔ [2229/2240] Built Mathlib.Algebra.Ring.AddAut (678ms)
✔ [2230/2240] Built Mathlib.RingTheory.Localization.Defs (3.2s)
✔ [2231/2240] Built Mathlib.Data.Nat.Factorization.LCM (726ms)
✔ [2232/2242] Built Mathlib.Data.ZMod.Aut (758ms)
✔ [2233/2248] Built Mathlib.Algebra.Ring.Periodic (1.7s)
✔ [2234/2248] Built Mathlib.GroupTheory.Exponent (2.7s)
✔ [2235/2249] Built Mathlib.RingTheory.Localization.Basic (3.9s)
✔ [2236/2249] Built Mathlib.Data.Nat.Periodic (630ms)
✔ [2237/2251] Built Mathlib.Data.ZMod.QuotientGroup (1.8s)
✔ [2238/2251] Built Mathlib.GroupTheory.Subgroup.Simple (670ms)
✔ [2239/2251] Built Mathlib.LinearAlgebra.Matrix.Nondegenerate (1.3s)
✔ [2240/2251] Built Mathlib.Data.Nat.Totient (1.2s)
✔ [2241/2251] Built Mathlib.RingTheory.Localization.FractionRing (3.9s)
✔ [2242/2252] Built Mathlib.GroupTheory.SpecificGroups.Cyclic.Basic (1.8s)
✔ [2243/2252] Built Mathlib.RingTheory.Localization.Integer (755ms)
✔ [2244/2252] Built Mathlib.Algebra.Polynomial.Roots (3.1s)
✔ [2245/2257] Built Mathlib.Algebra.Ring.Action.ConjAct (569ms)
✔ [2246/2258] Built Mathlib.GroupTheory.SpecificGroups.Cyclic (3.9s)
✔ [2247/2258] Built Mathlib.Data.W.Basic (648ms)
✔ [2248/2263] Built Mathlib.LinearAlgebra.Matrix.InvariantBasisNumber (1.2s)
✔ [2249/2263] Built Mathlib.RingTheory.IntegralDomain (1.5s)
✔ [2250/2264] Built Mathlib.RingTheory.Finiteness.Projective (715ms)
✔ [2251/2264] Built Mathlib.Data.W.Cardinal (674ms)
✔ [2252/2264] Built Mathlib.RingTheory.RootsOfUnity.Basic (1.6s)
✔ [2253/2264] Built Mathlib.Topology.Algebra.Module.ModuleTopology (2.7s)
✔ [2254/2264] Built Mathlib.SetTheory.Cardinal.Subfield (1.0s)
✔ [2255/2264] Built Mathlib.LinearAlgebra.Matrix.SpecialLinearGroup (3.9s)
✔ [2256/2265] Built Mathlib.LinearAlgebra.Dimension.ErdosKaplansky (1.4s)
✔ [2257/2266] Built Mathlib.LinearAlgebra.Matrix.GeneralLinearGroup.Defs (2.2s)
✔ [2258/2266] Built Mathlib.RingTheory.TensorProduct.Maps (13s)
✔ [2259/2266] Built Mathlib.Order.Atoms.Finite (639ms)
✔ [2260/2266] Built Mathlib.Order.CompactlyGenerated.Intervals (837ms)
✔ [2261/2270] Built Mathlib.LinearAlgebra.Matrix.ToLinearEquiv (1.5s)
✔ [2262/2273] Built Mathlib.Control.Bifunctor (616ms)
✔ [2263/2273] Built Mathlib.Order.RelSeries (3.5s)
✔ [2264/2273] Built Mathlib.Logic.Equiv.Functor (511ms)
✔ [2265/2273] Built Mathlib.LinearAlgebra.Dual.Lemmas (8.5s)
✔ [2266/2275] Built Mathlib.RingTheory.Ideal.Colon (2.2s)
✔ [2267/2276] Built Mathlib.Order.JordanHolder (2.0s)
✔ [2268/2276] Built Mathlib.LinearAlgebra.GeneralLinearGroup.AlgEquiv (1.3s)
✔ [2269/2276] Built Mathlib.Topology.Algebra.Module.ContinuousLinearMap.Quotient (927ms)
✔ [2270/2276] Built Mathlib.Topology.Algebra.SeparationQuotient.FiniteDimensional (786ms)
✔ [2271/2279] Built Mathlib.RingTheory.SimpleModule.Basic (3.8s)
✔ [2272/2279] Built Mathlib.LinearAlgebra.Determinant (4.5s)
✔ [2273/2279] Built Mathlib.Topology.Algebra.Module.Simple (788ms)
✔ [2274/2279] Built Mathlib.Topology.Algebra.Module.Complement (2.8s)
✔ [2275/2281] Built Mathlib.Topology.Homeomorph.Quotient (596ms)
✔ [2276/2285] Built Mathlib.Topology.Algebra.Module.Determinant (944ms)
✔ [2277/2286] Built Mathlib.Topology.Maps.Strict.Basic (657ms)
✔ [2278/2286] Built Mathlib.LinearAlgebra.Dimension.LinearMap (1.2s)
✔ [2279/2287] Built Mathlib.LinearAlgebra.Matrix.Block (1.5s)
✔ [2280/2289] Built Mathlib.Topology.Instances.Matrix (1.7s)
✔ [2281/2290] Built Mathlib.Algebra.DirectSum.Decomposition (1.6s)
✔ [2282/2292] Built Mathlib.Analysis.Convex.Slope (1.7s)
✔ [2283/2292] Built Mathlib.Algebra.Field.NegOnePow (759ms)
✔ [2284/2293] Built Mathlib.Algebra.Field.Periodic (1.0s)
✔ [2285/2293] Built Mathlib.Topology.Algebra.Module.FiniteDimension (7.7s)
✔ [2286/2295] Built Mathlib.Analysis.Complex.Asymptotics (920ms)
✔ [2287/2298] Built Mathlib.Algebra.Order.CauSeq.BigOperators (2.4s)
✔ [2288/2301] Built Mathlib.Tactic.NormNum.BigOperators (2.4s)
✔ [2289/2301] Built Mathlib.Analysis.Normed.Module.FiniteDimension (5.3s)
✔ [2290/2301] Built Mathlib.Tactic.NormNum.NatFactorial (839ms)
✔ [2291/2302] Built Mathlib.Analysis.RCLike.Lemmas (1.3s)
✔ [2292/2302] Built Mathlib.Analysis.Complex.Exponential (2.3s)
✔ [2293/2302] Built Mathlib.Topology.Order.AtTopBotIxx (5.2s)
✔ [2294/2302] Built Mathlib.Analysis.Normed.Group.Quotient (3.3s)
✔ [2295/2302] Built Mathlib.Analysis.InnerProductSpace.Projection.Basic (6.7s)
✔ [2296/2302] Built Mathlib.Analysis.Complex.Trigonometric (2.3s)
✔ [2297/2302] Built Mathlib.Analysis.InnerProductSpace.Projection.Submodule (2.3s)
✔ [2298/2303] Built Mathlib.Analysis.InnerProductSpace.Projection.Reflection (2.3s)
✔ [2299/2304] Built Mathlib.Analysis.SpecialFunctions.Exp (1.6s)
✔ [2300/2304] Built Mathlib.Data.Int.SuccPred (642ms)
✔ [2301/2305] Built Mathlib.Analysis.InnerProductSpace.Projection.FiniteDimensional (3.4s)
✔ [2302/2307] Built Mathlib.Order.Circular (1.0s)
✔ [2303/2309] Built Mathlib.Analysis.SpecialFunctions.Trigonometric.Basic (3.1s)
✔ [2304/2309] Built Mathlib.Algebra.Order.Interval.Set.Group (1.2s)
✔ [2305/2313] Built Mathlib.GroupTheory.QuotientGroup.ModEq (540ms)
✔ [2306/2314] Built Mathlib.GroupTheory.Divisible (999ms)
✔ [2307/2315] Built Mathlib.Algebra.Group.Subgroup.ZPowers.Lemmas (686ms)
✔ [2308/2315] Built Mathlib.Algebra.CharZero.Quotient (691ms)
✔ [2309/2317] Built Mathlib.Topology.Instances.ZMultiples (846ms)
✔ [2310/2319] Built Mathlib.Topology.Instances.Sign (636ms)
✔ [2311/2322] Built Mathlib.Algebra.Order.Ring.Interval (696ms)
✔ [2312/2325] Built Mathlib.Analysis.SpecialFunctions.Trigonometric.Inverse (1.9s)
✔ [2313/2325] Built Mathlib.Algebra.Order.ToIntervalMod (6.4s)
✔ [2314/2325] Built Mathlib.Data.Nat.NthRoot.Defs (305ms)
✔ [2315/2328] Built Mathlib.Analysis.SpecialFunctions.Log.Basic (2.3s)
✔ [2316/2331] Built Mathlib.Tactic.Qify (595ms)
✔ [2317/2331] Built Mathlib.Tactic.Rify (668ms)
✔ [2318/2334] Built Mathlib.Data.ENNReal.Holder (693ms)
✔ [2319/2335] Built Mathlib.Topology.Instances.AddCircle.Defs (4.0s)
✔ [2320/2335] Built Mathlib.Data.Real.ConjExponents (1.3s)
✔ [2321/2339] Built Mathlib.Analysis.Normed.Lp.WithLp (1.5s)
✔ [2322/2339] Built Mathlib.Topology.Instances.AddCircle.Real (927ms)
✔ [2323/2339] Built Mathlib.Data.Matrix.Reflection (915ms)
✔ [2324/2339] Built Mathlib.Util.Superscript (950ms)
✔ [2325/2339] Built Mathlib.Analysis.Normed.Group.AddCircle (1.9s)
✔ [2326/2341] Built Mathlib.LinearAlgebra.UnitaryGroup (2.1s)
✔ [2327/2341] Built Mathlib.Data.Finset.Update (891ms)
✔ [2328/2345] Built Mathlib.Data.Prod.TProd (916ms)
✔ [2329/2349] Built Mathlib.Tactic.Measurability.Init (335ms)
✔ [2330/2349] Built Mathlib.Tactic.Measurability (492ms)
✔ [2331/2350] Built Mathlib.Analysis.SpecialFunctions.Trigonometric.Angle (3.8s)
✔ [2332/2350] Built Mathlib.GroupTheory.GroupAction.IterateAct (394ms)
✔ [2333/2350] Built Mathlib.MeasureTheory.MeasurableSpace.Defs (1.2s)
✔ [2334/2351] Built Mathlib.MeasureTheory.MeasurableSpace.Instances (663ms)
✔ [2335/2351] Built Mathlib.Analysis.SpecialFunctions.Complex.Arg (1.9s)
✔ [2336/2351] Built Mathlib.MeasureTheory.MeasurableSpace.EventuallyMeasurable (590ms)
✔ [2337/2351] Built Mathlib.MeasureTheory.MeasurableSpace.Basic (840ms)
✔ [2338/2351] Built Mathlib.Analysis.SpecialFunctions.Complex.Log (1.3s)
✔ [2339/2351] Built Mathlib.MeasureTheory.MeasurableSpace.Constructions (1.7s)
✔ [2340/2351] Built Mathlib.Analysis.SpecialFunctions.Pow.Complex (1.5s)
✔ [2341/2351] Built Mathlib.MeasureTheory.MeasurableSpace.MeasurablyGenerated (1.1s)
✔ [2342/2359] Built Mathlib.Analysis.SpecialFunctions.Pow.Real (2.6s)
✔ [2343/2359] Built Mathlib.MeasureTheory.MeasurableSpace.Embedding (2.7s)
✔ [2344/2363] Built Mathlib.MeasureTheory.OuterMeasure.Defs (713ms)
✔ [2345/2363] Built Mathlib.Analysis.Convex.SpecificFunctions.Basic (1.5s)
✔ [2346/2367] Built Mathlib.Data.Set.Dissipate (699ms)
✔ [2347/2374] Built Mathlib.Analysis.SpecialFunctions.Pow.NNReal (3.3s)
✔ [2348/2374] Built Mathlib.MeasureTheory.OuterMeasure.Basic (1.3s)
✔ [2349/2374] Built Mathlib.MeasureTheory.PiSystem (1.4s)
✔ [2350/2374] Built Mathlib.Order.Interval.Set.Monotone (813ms)
✔ [2351/2374] Built Mathlib.MeasureTheory.OuterMeasure.AE (1.9s)
✔ [2352/2375] Built Mathlib.MeasureTheory.OuterMeasure.Operations (1.6s)
✔ [2353/2379] Built Mathlib.Analysis.MeanInequalities (3.9s)
✔ [2354/2379] Built Mathlib.MeasureTheory.OuterMeasure.BorelCantelli (830ms)
✔ [2355/2379] Built Mathlib.MeasureTheory.OuterMeasure.OfFunction (1.3s)
✔ [2356/2379] Built Mathlib.Data.Set.MemPartition (680ms)
✔ [2357/2383] Built Mathlib.Order.Filter.CountableSeparatingOn (666ms)
✔ [2358/2383] Built Mathlib.MeasureTheory.OuterMeasure.Caratheodory (1.1s)
✔ [2359/2384] Built Mathlib.MeasureTheory.MeasurableSpace.CountablyGenerated (1.3s)
✔ [2360/2384] Built Mathlib.Topology.Separation.GDelta (748ms)
✔ [2361/2384] Built Mathlib.MeasureTheory.OuterMeasure.Induced (1.5s)
✔ [2362/2385] Built Mathlib.Analysis.Normed.Lp.ProdLp (5.0s)
✔ [2363/2385] Built Mathlib.Topology.GDelta.MetrizableSpace (648ms)
✔ [2364/2388] Built Mathlib.MeasureTheory.Measure.MeasureSpaceDef (1.8s)
✔ [2365/2388] Built Mathlib.MeasureTheory.Function.AEMeasurableSequence (933ms)
✔ [2366/2388] Built Mathlib.MeasureTheory.Measure.AEDisjoint (997ms)
✔ [2367/2388] Built Mathlib.MeasureTheory.Measure.NullMeasurable (1.3s)
✔ [2368/2388] Built Mathlib.Analysis.Normed.Lp.PiLp (7.0s)
✔ [2369/2388] Built Mathlib.MeasureTheory.Measure.MeasureSpace (3.2s)
✔ [2370/2391] Built Mathlib.MeasureTheory.Measure.Map (1.2s)
✔ [2371/2391] Built Mathlib.Analysis.Normed.Lp.Matrix (1.8s)
✔ [2372/2392] Built Mathlib.MeasureTheory.Measure.AbsolutelyContinuous (1.0s)
✔ [2373/2392] Built Mathlib.Algebra.Central.Defs (618ms)
✔ [2374/2392] Built Mathlib.Algebra.Central.Basic (833ms)
✔ [2375/2394] Built Mathlib.MeasureTheory.Measure.QuasiMeasurePreserving (1.2s)
✔ [2376/2394] Built Mathlib.Analysis.Normed.Group.NullSubmodule (967ms)
✔ [2377/2394] Built Mathlib.Algebra.Star.UnitaryStarAlgAut (1.4s)
✔ [2378/2394] Built Mathlib.MeasureTheory.Measure.Comap (1.1s)
✔ [2379/2394] Built Mathlib.Topology.Algebra.Module.PerfectPairing (1.2s)
✔ [2380/2394] Built Mathlib.MeasureTheory.Measure.Restrict (2.9s)
✔ [2381/2394] Built Mathlib.MeasureTheory.Measure.Typeclasses.Finite (1.7s)
✔ [2382/2397] Built Mathlib.Analysis.InnerProductSpace.PiL2 (13s)
✔ [2383/2397] Built Mathlib.MeasureTheory.Measure.Typeclasses.SFinite (1.7s)
✔ [2384/2397] Built Mathlib.MeasureTheory.Measure.Trim (927ms)
✔ [2385/2401] Built Mathlib.Geometry.Convex.Cone.Basic (3.2s)
✔ [2386/2401] Built Mathlib.Analysis.InnerProductSpace.Dual (3.3s)
✔ [2387/2401] Built Mathlib.MeasureTheory.Measure.AEMeasurable (1.4s)
✔ [2388/2402] Built Mathlib.Analysis.Convex.Gauge (2.9s)
✔ [2389/2402] Built Mathlib.Analysis.Convex.Cone.Extension (1.3s)
✔ [2390/2404] Built Mathlib.MeasureTheory.Order.Lattice (1.0s)
✔ [2391/2404] Built Mathlib.Analysis.RCLike.Extend (2.9s)
✔ [2392/2404] Built Mathlib.MeasureTheory.Group.Arithmetic (3.6s)
✔ [2393/2404] Built Mathlib.Analysis.Matrix.Normed (2.0s)
✔ [2394/2405] Built Mathlib.Topology.UniformSpace.Matrix (813ms)
✔ [2395/2405] Built Mathlib.MeasureTheory.Constructions.BorelSpace.Basic (2.5s)
✔ [2396/2405] Built Mathlib.Analysis.LocallyConvex.Separation (2.8s)
✔ [2397/2405] Built Mathlib.Algebra.Order.Ring.Star (613ms)
✔ [2398/2405] Built Mathlib.Analysis.Normed.Lp.MeasurableSpace (928ms)
✔ [2399/2405] Built Mathlib.MeasureTheory.Constructions.BorelSpace.Order (2.7s)
✔ [2400/2405] Built Mathlib.MeasureTheory.Constructions.BorelSpace.ContinuousLinearMap (1.4s)
✔ [2401/2408] Built WeakSimplexConjectureLean.Core.Euclidean (3.1s)
✔ [2402/2411] Built Mathlib.Analysis.LocallyConvex.SeparatingDual (3.8s)
✔ [2403/2412] Built Mathlib.LinearAlgebra.BilinearForm.Basic (1.4s)
✔ [2404/2412] Built Mathlib.LinearAlgebra.Basis.Bilinear (879ms)
✔ [2405/2412] Built Mathlib.LinearAlgebra.BilinearForm.Hom (2.2s)
✔ [2406/2412] Built Mathlib.LinearAlgebra.Matrix.DotProduct (1.0s)
✔ [2407/2413] Built Mathlib.LinearAlgebra.Matrix.SesquilinearForm (6.9s)
✔ [2408/2415] Built Mathlib.LinearAlgebra.BilinearForm.Properties (2.6s)
✔ [2409/2415] Built Mathlib.LinearAlgebra.Matrix.Hadamard (1.1s)
✔ [2410/2416] Built Mathlib.LinearAlgebra.Matrix.BilinearForm (4.1s)
✔ [2411/2420] Built Mathlib.Analysis.InnerProductSpace.Adjoint (20s)
✔ [2412/2420] Built Mathlib.LinearAlgebra.Matrix.ZPow (1.2s)
✔ [2413/2420] Built Mathlib.LinearAlgebra.Matrix.Vec (1.1s)
✔ [2414/2420] Built Mathlib.Analysis.CStarAlgebra.Matrix (6.9s)
✔ [2415/2423] Built Mathlib.LinearAlgebra.Matrix.Hermitian (1.6s)
✔ [2416/2423] Built Mathlib.Order.Monotone.Monovary (661ms)
✔ [2417/2423] Built Mathlib.LinearAlgebra.QuadraticForm.Basic (8.0s)
✔ [2418/2426] Built Mathlib.Algebra.Order.Rearrangement (1.7s)
✔ [2419/2426] Built Mathlib.Algebra.Order.Monovary (2.5s)
✔ [2420/2429] Built Mathlib.LinearAlgebra.Matrix.PosDef (2.2s)
✔ [2421/2429] Built Mathlib.Tactic.Positivity.Finset (1.2s)
✔ [2422/2429] Built Mathlib.Data.NNReal.Star (625ms)
✔ [2423/2429] Built Mathlib.Tactic.Positivity (529ms)
✔ [2424/2429] Built WeakSimplexConjectureLean.Core.Matrix (1.4s)
✔ [2425/2429] Built Mathlib.Algebra.Order.Star.Real (734ms)
✔ [2426/2432] Built Mathlib.Algebra.Order.Chebyshev (1.1s)
✔ [2427/2432] Built WeakSimplexConjectureLean.Core.Correlation (1.1s)
✔ [2428/2433] Built Mathlib.Analysis.Normed.Group.BallSphere (1.0s)
✔ [2429/2433] Built WeakSimplexConjectureLean.Coding.Gram (1.7s)
✔ [2430/2435] Built Mathlib.Algebra.Module.MinimalAxioms (398ms)
✔ [2431/2435] Built Mathlib.Topology.Algebra.Indicator (604ms)
✔ [2432/2435] Built Mathlib.Analysis.Normed.Field.UnitBall (2.5s)
✔ [2433/2443] Built Mathlib.Topology.Bornology.BoundedOperation (1.2s)
✔ [2434/2443] Built Mathlib.Topology.Compactness.CompactlyCoherentSpace (758ms)
✔ [2435/2444] Built Mathlib.Analysis.Complex.Circle (1.8s)
✔ [2436/2444] Built Mathlib.Topology.UniformSpace.CompactConvergence (1.4s)
✔ [2437/2445] Built Mathlib.Analysis.Fourier.Notation (1.5s)
✔ [2438/2446] Built Mathlib.MeasureTheory.Group.MeasurableEquiv (2.7s)
✔ [2439/2448] Built Mathlib.MeasureTheory.Constructions.BorelSpace.Metric (1.1s)
✔ [2440/2448] Built Mathlib.Topology.ContinuousMap.Algebra (4.2s)
✔ [2441/2448] Built Mathlib.MeasureTheory.MeasurableSpace.Prod (697ms)
✔ [2442/2448] Built Mathlib.MeasureTheory.Measure.Typeclasses.NoAtoms (896ms)
✔ [2443/2452] Built Mathlib.Topology.ContinuousMap.Star (1.2s)
✔ [2444/2454] Built Mathlib.Algebra.Order.Monoid.Canonical.Basic (1.7s)
✔ [2445/2454] Built Mathlib.Topology.Metrizable.Real (625ms)
✔ [2446/2454] Built Mathlib.Topology.ContinuousMap.Bounded.Basic (3.5s)
✔ [2447/2454] Built Mathlib.Topology.Instances.Real.Lemmas (1.0s)
✔ [2448/2455] Built Mathlib.Topology.IndicatorConstPointwise (728ms)
✔ [2449/2455] Built Mathlib.MeasureTheory.Constructions.BorelSpace.Real (1.6s)
✔ [2450/2455] Built Mathlib.Topology.Perfect (747ms)
✔ [2451/2460] Built Mathlib.MeasureTheory.Constructions.BorelSpace.Metrizable (953ms)
✔ [2452/2462] Built Mathlib.Topology.ContinuousMap.Bounded.Normed (4.4s)
✔ [2453/2462] Built Mathlib.Analysis.Normed.Group.FunctionSeries (1.1s)
✔ [2454/2462] Built Mathlib.Topology.Separation.CountableSeparatingOn (592ms)
✔ [2455/2462] Built Mathlib.Topology.ContinuousMap.Bounded.Star (1.2s)
✔ [2456/2467] Built Mathlib.Analysis.Fourier.BoundedContinuousFunctionChar (1.9s)
✔ [2457/2467] Built Mathlib.Topology.MetricSpace.PiNat (2.8s)
✔ [2458/2467] Built Mathlib.Topology.MetricSpace.CantorScheme (944ms)
✔ [2459/2467] Built Mathlib.Topology.MetricSpace.Polish (1.3s)
✔ [2460/2467] Built Mathlib.Topology.MetricSpace.Perfect (1.0s)
✔ [2461/2467] Built Mathlib.MeasureTheory.Function.SimpleFunc (4.2s)
✔ [2462/2467] Built Mathlib.MeasureTheory.Function.SimpleFuncDense (1.4s)
✔ [2463/2472] Built Mathlib.MeasureTheory.Constructions.Polish.Basic (2.4s)
✔ [2464/2473] Built Mathlib.MeasureTheory.Integral.Lebesgue.Basic (2.4s)
✔ [2465/2473] Built Mathlib.MeasureTheory.Function.StronglyMeasurable.Basic (3.6s)
✔ [2466/2473] Built Mathlib.MeasureTheory.Integral.Lebesgue.Norm (769ms)
✔ [2467/2473] Built Mathlib.MeasureTheory.Integral.Lebesgue.Add (1.9s)
✔ [2468/2473] Built Mathlib.MeasureTheory.Integral.Lebesgue.Sub (1.1s)
✔ [2469/2473] Built Mathlib.MeasureTheory.Integral.Lebesgue.Markov (974ms)
✔ [2470/2473] Built Mathlib.MeasureTheory.Function.StronglyMeasurable.AEStronglyMeasurable (3.0s)
✔ [2471/2477] Built Mathlib.MeasureTheory.Integral.Lebesgue.DominatedConvergence (1.0s)
✔ [2472/2477] Built Mathlib.Order.Filter.Subsingleton (602ms)
✔ [2473/2482] Built Mathlib.MeasureTheory.Constructions.Polish.StronglyMeasurable (1.4s)
✔ [2474/2483] Built Mathlib.Order.Filter.EventuallyConst (707ms)
✔ [2475/2483] Built Mathlib.MeasureTheory.Measure.MutuallySingular (1.1s)
✔ [2476/2483] Built Mathlib.MeasureTheory.Measure.Typeclasses.Probability (1.1s)
✔ [2477/2483] Built Mathlib.Dynamics.Ergodic.MeasurePreserving (1.1s)
✔ [2478/2484] Built Mathlib.MeasureTheory.Measure.Decomposition.Exhaustion (1.0s)
✔ [2479/2484] Built Mathlib.MeasureTheory.Integral.Lebesgue.Map (1.0s)
✔ [2480/2485] Built Mathlib.MeasureTheory.Measure.Dirac (1.4s)
✔ [2481/2489] Built Mathlib.MeasureTheory.Measure.Count (935ms)
✔ [2482/2489] Built Mathlib.MeasureTheory.Group.Defs (980ms)
✔ [2483/2489] Built Mathlib.MeasureTheory.Measure.OpenPos (1.1s)
✔ [2484/2491] Built Mathlib.MeasureTheory.Measure.Doubling (1.2s)
✔ [2485/2491] Built Mathlib.Algebra.Group.Pointwise.Set.Card (1.3s)
✔ [2486/2492] Built Mathlib.MeasureTheory.Integral.Lebesgue.Countable (1.6s)
✔ [2487/2494] Built Mathlib.MeasureTheory.Measure.GiryMonad (1.1s)
✔ [2488/2494] Built Mathlib.Dynamics.Minimal (900ms)
✔ [2489/2495] Built Mathlib.GroupTheory.Complement (3.8s)
✔ [2490/2498] Built Mathlib.MeasureTheory.Measure.Prod (2.7s)
✔ [2491/2498] Built Mathlib.MeasureTheory.Group.Pointwise (979ms)
✔ [2492/2502] Built Mathlib.MeasureTheory.Measure.Regular (2.1s)
✔ [2493/2502] Built Mathlib.Topology.ContinuousMap.CocompactMap (724ms)
✔ [2494/2503] Built Mathlib.MeasureTheory.Group.Convolution (1.7s)
✔ [2495/2505] Built Mathlib.MeasureTheory.Function.Egorov (1.1s)
✔ [2496/2505] Built Mathlib.MeasureTheory.Group.Action (2.8s)
✔ [2497/2505] Built Mathlib.Analysis.SpecialFunctions.Pow.Asymptotics (1.2s)
✔ [2498/2507] Built Mathlib.Analysis.SpecialFunctions.Pow.Continuity (2.3s)
✔ [2499/2507] Built Mathlib.MeasureTheory.Group.Measure (4.7s)
✔ [2500/2507] Built Mathlib.Order.Filter.Germ.Basic (2.3s)
✔ [2501/2508] Built Mathlib.MeasureTheory.Group.LIntegral (1.1s)
✔ [2502/2508] Built Mathlib.MeasureTheory.Group.Prod (2.0s)
✔ [2503/2508] Built Mathlib.MeasureTheory.Function.AEEqFun (2.9s)
✔ [2504/2509] Built Mathlib.Order.Filter.ENNReal (1.1s)
✔ [2505/2514] Built Mathlib.Analysis.LConvolution (1.7s)
✔ [2506/2514] Built Mathlib.Probability.ConditionalProbability (1.4s)
✔ [2507/2518] Built Mathlib.MeasureTheory.MeasurableSpace.Pi (714ms)
✔ [2508/2518] Built Mathlib.MeasureTheory.Measure.WithDensity (2.8s)
✔ [2509/2518] Built Mathlib.MeasureTheory.Constructions.Pi (2.8s)
✔ [2510/2518] Built Mathlib.MeasureTheory.Constructions.BorelSpace.Complex (818ms)
✔ [2511/2520] Built Mathlib.Probability.UniformOn (1.1s)
✔ [2512/2520] Built Mathlib.MeasureTheory.Function.L1Space.HasFiniteIntegral (2.0s)
✔ [2513/2520] Built Mathlib.MeasureTheory.Function.SpecialFunctions.Basic (1.1s)
✔ [2514/2531] Built Mathlib.Analysis.Normed.Group.Indicator (707ms)
✔ [2515/2534] Built Mathlib.MeasureTheory.Function.EssSup (1.4s)
✔ [2516/2534] Built Mathlib.MeasureTheory.Function.LpSeminorm.Defs (1.0s)
✔ [2517/2534] Built Mathlib.MeasureTheory.Function.StronglyMeasurable.Lemmas (1.3s)
✔ [2518/2535] Built Mathlib.Analysis.Convex.Mul (3.4s)
✔ [2519/2539] Built Mathlib.Analysis.MeanInequalitiesPow (1.9s)
✔ [2520/2539] Built Mathlib.MeasureTheory.Function.LpSeminorm.Basic (3.3s)
✔ [2521/2542] Built Mathlib.MeasureTheory.Measure.Real (1.5s)
✔ [2522/2542] Built Mathlib.Order.Filter.IndicatorFunction (760ms)
✔ [2523/2542] Built Mathlib.MeasureTheory.Integral.MeanInequalities (1.7s)
✔ [2524/2542] Built Mathlib.MeasureTheory.Function.LpSeminorm.Monotonicity (1.3s)
✔ [2525/2545] Built Mathlib.MeasureTheory.Function.LpSeminorm.Indicator (1.4s)
✔ [2526/2545] Built Mathlib.MeasureTheory.Function.LpSeminorm.ChebyshevMarkov (1.0s)
✔ [2527/2545] Built Mathlib.MeasureTheory.Function.LpSeminorm.TriangleInequality (1.2s)
✔ [2528/2546] Built Mathlib.MeasureTheory.Function.LpSeminorm.SMul (1.5s)
✔ [2529/2546] Built Mathlib.Analysis.Normed.Operator.Extend (4.8s)
✔ [2530/2546] Built Mathlib.MeasureTheory.Function.LpSeminorm.CompareExp (1.8s)
✔ [2531/2547] Built Mathlib.MeasureTheory.Function.LpSeminorm.Prod (918ms)
✔ [2532/2549] Built Mathlib.Analysis.Normed.Operator.CompleteCodomain (1.5s)
✔ [2533/2556] Built Mathlib.Combinatorics.Enumerative.InclusionExclusion (1.6s)
✔ [2534/2558] Built Mathlib.Topology.NoetherianSpace (809ms)
✔ [2535/2558] Built Mathlib.Topology.MetricSpace.ThickenedIndicator (1.4s)
✔ [2536/2558] Built Mathlib.Topology.QuasiSeparated (1.1s)
✔ [2537/2560] Built Mathlib.MeasureTheory.Function.LpSpace.Basic (8.5s)
✔ [2538/2560] Built Mathlib.Topology.Sets.Compacts (1.6s)
✔ [2539/2560] Built Mathlib.LinearAlgebra.Matrix.Diagonal (1.0s)
✔ [2540/2560] Built Mathlib.Topology.ContinuousMap.Compact (2.9s)
✔ [2541/2560] Built Mathlib.MeasureTheory.Function.LpSpace.Indicator (2.0s)
✔ [2542/2560] Built Mathlib.MeasureTheory.Function.LpSpace.Complete (1.5s)
✔ [2543/2562] Built Mathlib.MeasureTheory.Integral.Marginal (1.7s)
✔ [2544/2562] Built Mathlib.MeasureTheory.Function.ConvergenceInMeasure (1.5s)
✔ [2545/2562] Built Mathlib.Topology.Order.LeftRightLim (1.2s)
✔ [2546/2562] Built Mathlib.Topology.ContinuousMap.ContinuousMapZero (4.2s)
✔ [2547/2563] Built Mathlib.MeasureTheory.Function.LpOrder (1.3s)
✔ [2548/2567] Built Mathlib.MeasureTheory.Measure.Stieltjes (2.3s)
✔ [2549/2569] Built Mathlib.MeasureTheory.Measure.Content (1.7s)
✔ [2550/2572] Built Mathlib.Topology.Algebra.Group.Compact (699ms)
✔ [2551/2572] Built Mathlib.MeasureTheory.Topology (750ms)
✔ [2552/2572] Built Mathlib.MeasureTheory.Function.L1Space.Integrable (5.5s)
✔ [2553/2572] Built Mathlib.Topology.Algebra.IsUniformGroup.Order (732ms)
✔ [2554/2572] Built Mathlib.MeasureTheory.Measure.Haar.Basic (3.3s)
✔ [2555/2572] Built Mathlib.MeasureTheory.Integral.IntegrableOn (2.5s)
✔ [2556/2572] Built Mathlib.MeasureTheory.Function.L1Space.AEEqFun (1.7s)
✔ [2557/2573] Built Mathlib.MeasureTheory.Measure.Haar.OfBasis (3.9s)
✔ [2558/2573] Built Mathlib.MeasureTheory.Function.LocallyIntegrable (2.7s)
✔ [2559/2575] Built Mathlib.MeasureTheory.Measure.Lebesgue.Basic (2.3s)
✔ [2560/2576] Built Mathlib.Analysis.InnerProductSpace.GramSchmidtOrtho (2.1s)
✔ [2561/2579] Built Mathlib.MeasureTheory.Function.SimpleFuncDenseLp (5.4s)
✔ [2562/2579] Built Mathlib.LinearAlgebra.Orientation (2.1s)
✔ [2563/2580] Built Mathlib.Analysis.InnerProductSpace.ProdL2 (4.1s)
✔ [2564/2580] Built Mathlib.MeasureTheory.Integral.FinMeasAdditive (2.0s)
✔ [2565/2581] Built Mathlib.Analysis.InnerProductSpace.Orientation (2.3s)
✔ [2566/2581] Built Mathlib.MeasureTheory.Measure.Lebesgue.EqHaar (4.2s)
✔ [2567/2582] Built Mathlib.MeasureTheory.Measure.Haar.InnerProductSpace (3.3s)
✔ [2568/2588] Built Mathlib.Analysis.RCLike.BoundedContinuous (1.8s)
✔ [2569/2588] Built Mathlib.Data.Fintype.Sort (577ms)
✔ [2570/2592] Built Mathlib.LinearAlgebra.Multilinear.Curry (2.2s)
✔ [2571/2595] Built Mathlib.MeasureTheory.Integral.SetToL1 (14s)
✔ [2572/2595] Built Mathlib.Analysis.Normed.Module.Multilinear.Curry (10s)
✔ [2573/2596] Built Mathlib.MeasureTheory.Integral.Bochner.L1 (5.6s)
✔ [2574/2597] Built Mathlib.MeasureTheory.Integral.Bochner.Basic (5.3s)
✔ [2575/2597] Built Mathlib.Analysis.Calculus.FormalMultilinearSeries (5.6s)
✔ [2576/2597] Built Mathlib.MeasureTheory.Integral.Bochner.SumMeasure (1.4s)
✔ [2577/2597] Built Mathlib.MeasureTheory.Group.Integral (1.0s)
✔ [2578/2597] Built Mathlib.MeasureTheory.Integral.Bochner.Set (5.1s)
✔ [2579/2597] Built Mathlib.Analysis.Analytic.ConvergenceRadius (6.2s)
✔ [2580/2597] Built Mathlib.Analysis.Analytic.OfScalars (2.3s)
✔ [2581/2597] Built Mathlib.MeasureTheory.Integral.Bochner.ContinuousLinearMap (2.8s)
✔ [2582/2597] Built Mathlib.MeasureTheory.Integral.IntervalIntegral.Basic (5.2s)
✔ [2583/2600] Built Mathlib.MeasureTheory.Integral.DominatedConvergence (2.7s)
✔ [2584/2601] Built Mathlib.MeasureTheory.Integral.Prod (2.9s)
✔ [2585/2601] Built Mathlib.Analysis.Analytic.Basic (11s)
✔ [2586/2601] Built Mathlib.Analysis.Convex.EGauge (1.8s)
✔ [2587/2601] Built Mathlib.MeasureTheory.Integral.Pi (1.6s)
✔ [2588/2601] Built Mathlib.MeasureTheory.Group.IntegralConvolution (1.2s)
✔ [2589/2603] Built Mathlib.Analysis.Normed.Operator.Asymptotics (1.1s)
✔ [2590/2603] Built Mathlib.Analysis.Analytic.ChangeOrigin (3.9s)
✔ [2591/2607] Built Mathlib.Analysis.Fourier.FourierTransform (11s)
✔ [2592/2607] Built Mathlib.Analysis.Calculus.TangentCone.Defs (804ms)
✔ [2593/2609] Built Mathlib.Analysis.Asymptotics.TVS (7.5s)
✔ [2594/2609] Built Mathlib.Analysis.Analytic.CPolynomialDef (5.7s)
✔ [2595/2609] Built Mathlib.Analysis.Calculus.TangentCone.Basic (1.3s)
✔ [2596/2609] Built Mathlib.Analysis.Calculus.FDeriv.Defs (1.6s)
✔ [2597/2609] Built Mathlib.Analysis.Analytic.Linear (2.7s)
✔ [2598/2609] Built Mathlib.Analysis.Calculus.TangentCone.Real (989ms)
✔ [2599/2609] Built Mathlib.Analysis.Calculus.TangentCone.DimOne (753ms)
✔ [2600/2612] Built Mathlib.Analysis.Analytic.Composition (8.4s)
✔ [2601/2613] Built Mathlib.Analysis.Calculus.FDeriv.Basic (6.6s)
✔ [2602/2615] Built Mathlib.Analysis.Analytic.Inverse (4.0s)
✔ [2603/2615] Built Mathlib.Analysis.Calculus.FDeriv.Comp (3.1s)
✔ [2604/2615] Built Mathlib.Analysis.Calculus.FDeriv.Linear (1.4s)
✔ [2605/2616] Built Mathlib.Analysis.Calculus.FDeriv.Congr (1.9s)
✔ [2606/2616] Built Mathlib.Data.ENat.Lattice (974ms)
✔ [2607/2616] Built Mathlib.Analysis.Calculus.FDeriv.Const (2.3s)
✔ [2608/2616] Built Mathlib.Analysis.Analytic.Constructions (13s)
✔ [2609/2616] Built Mathlib.Analysis.Calculus.FDeriv.Prod (11s)
✔ [2610/2617] Built Mathlib.Analysis.Calculus.FDeriv.Add (9.2s)
✔ [2611/2617] Built Mathlib.Analysis.Calculus.Deriv.Basic (5.3s)
✔ [2612/2617] Built Mathlib.Analysis.Analytic.Within (1.2s)
✔ [2613/2617] Built Mathlib.Analysis.Analytic.CPolynomial (6.4s)
✔ [2614/2625] Built Mathlib.Topology.Algebra.GroupCompletion (1.5s)
✔ [2615/2625] Built Mathlib.Algebra.Ring.TransferInstance (949ms)
✔ [2616/2625] Built Mathlib.Topology.Algebra.UniformRing (1.9s)
✔ [2617/2626] Built Mathlib.Analysis.Calculus.FDeriv.Equiv (5.8s)
✔ [2618/2628] Built Mathlib.Topology.Algebra.UniformField (1.1s)
✔ [2619/2628] Built Mathlib.Topology.MetricSpace.Completion (1.1s)
✔ [2620/2628] Built Mathlib.Analysis.Calculus.Deriv.Add (3.1s)
✔ [2621/2628] Built Mathlib.Analysis.Calculus.Deriv.Linear (1.2s)
✔ [2622/2630] Built Mathlib.Analysis.Normed.Group.Completion (798ms)
✔ [2623/2630] Built Mathlib.Analysis.Calculus.Deriv.AffineMap (1.3s)
✔ [2624/2630] Built Mathlib.Analysis.Normed.Module.Completion (1.4s)
✔ [2625/2631] Built Mathlib.Analysis.Calculus.FDeriv.RestrictScalars (2.2s)
✔ [2626/2631] Built Mathlib.Analysis.Calculus.ContDiff.FTaylorSeries (11s)
✔ [2627/2631] Built Mathlib.Analysis.Calculus.Deriv.Support (905ms)
✔ [2628/2633] Built Mathlib.Analysis.Calculus.Deriv.Comp (4.9s)
✔ [2629/2638] Built Mathlib.Analysis.Calculus.FDeriv.Bilinear (2.8s)
✔ [2630/2641] Built Mathlib.Analysis.Calculus.FDeriv.Analytic (9.3s)
✔ [2631/2641] Built Mathlib.Topology.Algebra.Module.Alternating.Basic (4.2s)
✔ [2632/2641] Built Mathlib.Analysis.Calculus.ContDiff.Defs (11s)
✔ [2633/2644] Built Mathlib.LinearAlgebra.AffineSpace.Slope (1.1s)
✔ [2634/2644] Built Mathlib.Topology.Algebra.Module.Alternating.Topology (5.5s)
✔ [2635/2644] Built Mathlib.Analysis.Calculus.FDeriv.Mul (18s)
✔ [2636/2644] Built Mathlib.Topology.Algebra.Module.PerfectSpace (953ms)
✔ [2637/2644] Built Mathlib.Topology.LocallyConstant.Basic (1.3s)
✔ [2638/2649] Built Mathlib.Analysis.Calculus.Deriv.Slope (1.6s)
✔ [2639/2649] Built Mathlib.Analysis.Calculus.FDeriv.Affine (1.2s)
✔ [2640/2649] Built Mathlib.Analysis.Normed.Module.Alternating.Basic (7.6s)
✔ [2641/2649] Built Mathlib.Analysis.Calculus.ContDiff.Basic (6.1s)
✔ [2642/2653] Built Mathlib.Analysis.Calculus.ContDiff.FaaDiBruno (11s)
✔ [2643/2653] Built Mathlib.Analysis.Calculus.FDeriv.OfCompLeft (1.8s)
✔ [2644/2653] Built Mathlib.Topology.OpenPartialHomeomorph.IsImage (927ms)
✔ [2645/2659] Built Mathlib.Analysis.Calculus.Deriv.Inverse (1.4s)
✔ [2646/2666] Built Mathlib.Algebra.Algebra.TransferInstance (712ms)
✔ [2647/2666] Built Mathlib.Data.Nat.Factorial.Cast (523ms)
✔ [2648/2666] Built Mathlib.Topology.MetricSpace.CauSeqFilter (798ms)
✔ [2649/2666] Built Mathlib.Data.Nat.Choose.Cast (544ms)
✔ [2650/2666] Built Mathlib.Analysis.Normed.Algebra.Exponential (2.9s)
✔ [2651/2669] Built Mathlib.Analysis.Calculus.FDeriv.CompCLM (12s)
✔ [2652/2669] Built Mathlib.Analysis.SpecialFunctions.Exponential (2.7s)
✔ [2653/2669] Built Mathlib.Analysis.Calculus.ContDiff.Comp (5.2s)
✔ [2654/2669] Built Mathlib.Topology.FiberBundle.IsHomeomorphicTrivialBundle (534ms)
✔ [2655/2669] Built Mathlib.Analysis.Calculus.Deriv.Mul (8.6s)
✔ [2656/2669] Built Mathlib.Analysis.Calculus.ContDiff.Deriv (1.5s)
✔ [2657/2669] Built Mathlib.Analysis.Complex.ReImTopology (974ms)
✔ [2658/2669] Built Mathlib.Analysis.Calculus.Deriv.CompMul (952ms)
✔ [2659/2669] Built Mathlib.Analysis.Calculus.MeanValue (3.6s)
✔ [2660/2669] Built Mathlib.Analysis.Calculus.IteratedDeriv.Defs (1.9s)
✔ [2661/2671] Built Mathlib.Analysis.Calculus.ContDiff.Operations (14s)
✔ [2662/2671] Built Mathlib.Analysis.Calculus.Deriv.Shift (1.1s)
✔ [2663/2671] Built Mathlib.Analysis.Complex.Convex (1.4s)
✔ [2664/2671] Built Mathlib.Analysis.Complex.RealDeriv (1.5s)
✔ [2665/2671] Built Mathlib.Analysis.Calculus.ContDiff.RCLike (1.9s)
✔ [2666/2671] Built Mathlib.Analysis.Calculus.FDeriv.Pow (3.6s)
✔ [2667/2673] Built Mathlib.Analysis.Calculus.Deriv.Pow (1.5s)
✔ [2668/2674] Built Mathlib.Analysis.Calculus.Deriv.Inv (1.9s)
✔ [2669/2677] Built Mathlib.Analysis.Calculus.Deriv.ZPow (1.7s)
✔ [2670/2677] Built Mathlib.Analysis.Calculus.DSlope (1.3s)
✔ [2671/2677] Built Mathlib.Analysis.Analytic.Uniqueness (1.6s)
✔ [2672/2678] Built Mathlib.Analysis.Calculus.IteratedDeriv.Lemmas (11s)
✔ [2673/2678] Built Mathlib.Analysis.SpecialFunctions.ExpDeriv (2.1s)
✔ [2674/2678] Built Mathlib.Analysis.Analytic.IsolatedZeros (3.1s)
✔ [2675/2678] Built Mathlib.Analysis.Calculus.LocalExtr.Basic (1.5s)
✔ [2676/2686] Built Mathlib.Analysis.SpecialFunctions.MulExpNegMulSq (1.1s)
✔ [2677/2686] Built Mathlib.Topology.ExtendFrom (704ms)
✔ [2678/2686] Built Mathlib.Topology.Order.ExtendFrom (719ms)
✔ [2679/2687] Built Mathlib.Analysis.Calculus.LogDeriv (1.0s)
✔ [2680/2687] Built Mathlib.Topology.Order.Rolle (758ms)
✔ [2681/2689] Built Mathlib.Analysis.Calculus.LocalExtr.Rolle (934ms)
✔ [2682/2689] Built Mathlib.Analysis.Calculus.Deriv.MeanValue (2.0s)
✔ [2683/2689] Built Mathlib.Analysis.Calculus.FDeriv.Measurable (4.1s)
✔ [2684/2689] Built Mathlib.Topology.Algebra.Module.Spaces.WeakBilin (1.3s)
✔ [2685/2689] Built Mathlib.Analysis.Convex.Deriv (2.5s)
✔ [2686/2689] Built Mathlib.Analysis.SpecialFunctions.Log.Deriv (4.3s)
✔ [2687/2693] Built Mathlib.Analysis.LocallyConvex.Polar (1.7s)
✔ [2688/2697] Built Mathlib.Analysis.SpecialFunctions.Log.NegMulLog (1.2s)
✔ [2689/2698] Built Mathlib.Analysis.Convex.TotallyBounded (887ms)
✔ [2690/2698] Built Mathlib.Analysis.Normed.Module.RCLike.Extend (1.3s)
✔ [2691/2699] Built Mathlib.Analysis.LocallyConvex.WeakDual (1.9s)
✔ [2692/2702] Built Mathlib.MeasureTheory.Integral.Bochner.FundThmCalculus (1.1s)
✔ [2693/2702] Built Mathlib.Analysis.LocallyConvex.AbsConvex (1.6s)
✔ [2694/2702] Built Mathlib.Analysis.Calculus.TangentCone.Prod (1.0s)
✔ [2695/2704] Built Mathlib.MeasureTheory.Integral.Bochner.VitaliCaratheodory (1.7s)
✔ [2696/2705] Built Mathlib.Analysis.LocallyConvex.AbsConvexOpen (1.5s)
✔ [2697/2705] Built Mathlib.Analysis.Calculus.FDeriv.Extend (1.0s)
✔ [2698/2705] Built Mathlib.Analysis.LocallyConvex.HahnBanach (1.5s)
✔ [2699/2705] Built Mathlib.Analysis.Calculus.Deriv.Prod (3.3s)
✔ [2700/2705] Built Mathlib.Analysis.Normed.Module.HahnBanach (1.6s)
✔ [2701/2708] Built Mathlib.Analysis.SpecialFunctions.Trigonometric.Deriv (3.0s)
✔ [2702/2708] Built Mathlib.Analysis.Normed.Module.Dual (1.4s)
✔ [2703/2713] Built Mathlib.Analysis.Calculus.InverseFunctionTheorem.ApproximatesLinearOn (4.3s)
✔ [2704/2714] Built Mathlib.MeasureTheory.Integral.IntervalIntegral.FundThmCalculus (4.1s)
✔ [2705/2714] Built Mathlib.Analysis.Calculus.InverseFunctionTheorem.FDeriv (1.8s)
✔ [2706/2716] Built Mathlib.Analysis.SpecialFunctions.NonIntegrable (1.5s)
✔ [2707/2716] Built Mathlib.Analysis.Calculus.InverseFunctionTheorem.Deriv (1.1s)
✔ [2708/2718] Built Mathlib.Analysis.SpecialFunctions.Sqrt (1.4s)
✔ [2709/2722] Built Mathlib.Analysis.Calculus.InverseFunctionTheorem.Analytic (1.0s)
✔ [2710/2722] Built Mathlib.Analysis.Convex.SpecificFunctions.Deriv (1.2s)
✔ [2711/2722] Built Mathlib.Analysis.SpecialFunctions.Trigonometric.Complex (1.5s)
✔ [2712/2722] Built Mathlib.Analysis.SpecialFunctions.Trigonometric.ComplexDeriv (1.0s)
✔ [2713/2722] Built Mathlib.Analysis.Analytic.Order (3.2s)
✔ [2714/2722] Built Mathlib.Analysis.SpecialFunctions.Trigonometric.Arctan (2.1s)
✔ [2715/2722] Built Mathlib.Analysis.SpecialFunctions.Trigonometric.ArctanDeriv (1.4s)
✔ [2716/2722] Built Mathlib.Analysis.SpecialFunctions.Trigonometric.Bounds (1.6s)
✔ [2717/2723] Built Mathlib.Analysis.Meromorphic.Basic (4.4s)
✔ [2718/2724] Built Mathlib.Analysis.SpecialFunctions.Trigonometric.Sinc (982ms)
✔ [2719/2725] Built Mathlib.Analysis.SpecialFunctions.Complex.LogDeriv (1.3s)
✔ [2720/2725] Built Mathlib.MeasureTheory.Covering.VitaliFamily (1.3s)
✔ [2721/2725] Built Mathlib.MeasureTheory.Function.AEMeasurableOrder (1.6s)
✔ [2722/2726] Built Mathlib.Analysis.SpecialFunctions.Pow.Deriv (3.7s)
✔ [2723/2726] Built Mathlib.Analysis.SpecialFunctions.Integrability.Basic (1.4s)
✔ [2724/2737] Built Mathlib.MeasureTheory.Integral.Average (4.4s)
✔ [2725/2739] Built Mathlib.MeasureTheory.Function.StronglyMeasurable.ENNReal (788ms)
✔ [2726/2739] Built Mathlib.MeasureTheory.Measure.Decomposition.Hahn (1.6s)
✔ [2727/2739] Built Mathlib.MeasureTheory.Measure.Sub (923ms)
✔ [2728/2739] Built Mathlib.MeasureTheory.Function.AEEqOfLIntegral (1.1s)
✔ [2729/2743] Built Mathlib.Analysis.SpecificLimits.RCLike (786ms)
✔ [2730/2743] Built Mathlib.Algebra.Order.Group.DenselyOrdered (881ms)
✔ [2731/2744] Built Mathlib.MeasureTheory.Measure.Decomposition.Lebesgue (2.3s)
✔ [2732/2744] Built Mathlib.MeasureTheory.Measure.RegularityCompacts (931ms)
✔ [2733/2745] Built Mathlib.Topology.Algebra.Order.LiminfLimsup (965ms)
✔ [2734/2745] Built Mathlib.Topology.Algebra.Star.Real (797ms)
✔ [2735/2745] Built Mathlib.MeasureTheory.Covering.Differentiation (2.2s)
✔ [2736/2745] Built Mathlib.MeasureTheory.Integral.BoundedContinuousFunction (1.3s)
✔ [2737/2747] Built Mathlib.Topology.Algebra.StarSubalgebra (1.0s)
✔ [2738/2749] Built Mathlib.MeasureTheory.Covering.Besicovitch (2.9s)
✔ [2739/2749] Built Mathlib.Topology.Algebra.NonUnitalAlgebra (2.0s)
✔ [2740/2749] Built Mathlib.Topology.ContinuousMap.Ordered (791ms)
✔ [2741/2749] Built Mathlib.MeasureTheory.Covering.BesicovitchVectorSpace (2.8s)
✔ [2742/2749] Built Mathlib.Topology.ContinuousMap.Lattice (795ms)
✔ [2743/2750] Built Mathlib.Topology.Algebra.NonUnitalStarAlgebra (2.5s)
✔ [2744/2756] Built Mathlib.Algebra.MvPolynomial.Supported (819ms)
✔ [2745/2756] Built Mathlib.MeasureTheory.Function.Jacobian (3.6s)
✔ [2746/2756] Built Mathlib.Algebra.Polynomial.Eval.SMul (719ms)
✔ [2747/2756] Built Mathlib.Algebra.Polynomial.Derivative (3.9s)
✔ [2748/2756] Built Mathlib.MeasureTheory.Function.JacobianOneDim (2.4s)
✔ [2749/2757] Built Mathlib.RingTheory.Derivation.Basic (4.6s)
✔ [2750/2757] Built Mathlib.MeasureTheory.Integral.IntervalIntegral.IntegrationByParts (3.7s)
✔ [2751/2757] Built Mathlib.Algebra.MvPolynomial.Derivation (1.4s)
✔ [2752/2758] Built Mathlib.Algebra.Order.SuccPred.WithBot (555ms)
✔ [2753/2758] Built Mathlib.Algebra.MvPolynomial.PDeriv (1.6s)
✔ [2754/2758] Built Mathlib.Analysis.SpecialFunctions.Integrals.Basic (2.3s)
✔ [2755/2758] Built Mathlib.RingTheory.EuclideanDomain (786ms)
✔ [2756/2762] Built Mathlib.RingTheory.Polynomial.Bernstein (1.7s)
✔ [2757/2764] Built Mathlib.Algebra.BigOperators.Associated (921ms)
✔ [2758/2764] Built Mathlib.Analysis.SpecialFunctions.Complex.LogBounds (2.0s)
✔ [2759/2764] Built Mathlib.RingTheory.UniqueFactorizationDomain.Basic (1.1s)
✔ [2760/2768] Built Mathlib.Algebra.Polynomial.Eval.Subring (706ms)
✔ [2761/2768] Built Mathlib.RingTheory.UniqueFactorizationDomain.NormalizedFactors (1.1s)
✔ [2762/2768] Built Mathlib.Algebra.Polynomial.Lifts (940ms)
✔ [2763/2770] Built Mathlib.Data.Nat.Choose.Vandermonde (702ms)
✔ [2764/2775] Built Mathlib.Algebra.Polynomial.HasseDeriv (1.3s)
✔ [2765/2775] Built Mathlib.Algebra.Polynomial.FieldDivision (2.2s)
✔ [2766/2778] Built Mathlib.RingTheory.MvPolynomial.Symmetric.Defs (1.3s)
✔ [2767/2781] Built Mathlib.Algebra.Polynomial.Taylor (1.4s)
✔ [2768/2781] Built Mathlib.Algebra.Order.Module.Basic (788ms)
✔ [2769/2781] Built Mathlib.Topology.Maps.Proper.CompactlyGenerated (1.1s)
✔ [2770/2783] Built Mathlib.MeasureTheory.Measure.HasOuterApproxClosed (1.4s)
✔ [2771/2784] Built Mathlib.Algebra.Polynomial.Splits (2.0s)
✔ [2772/2784] Built Mathlib.MeasureTheory.Integral.Layercake (2.2s)
✔ [2773/2784] Built Mathlib.RingTheory.Polynomial.Vieta (1.1s)
✔ [2774/2784] Built Mathlib.Analysis.SpecialFunctions.JapaneseBracket (1.4s)
✔ [2775/2788] Built Mathlib.MeasureTheory.Measure.Haar.NormedSpace (2.2s)
✔ [2776/2791] Built Mathlib.Topology.Algebra.Polynomial (1.3s)
✔ [2777/2791] Built Mathlib.Analysis.Normed.Affine.AddTorsor (1.8s)
✔ [2778/2793] Built Mathlib.Topology.ContinuousMap.Polynomial (1.3s)
✔ [2779/2793] Built Mathlib.LinearAlgebra.AffineSpace.Ordered (2.7s)
✔ [2780/2796] Built Mathlib.Topology.UrysohnsLemma (1.7s)
✔ [2781/2796] Built Mathlib.Topology.Metrizable.Urysohn (1.0s)
✔ [2782/2796] Built Mathlib.Analysis.SpecialFunctions.Bernstein (3.3s)
✔ [2783/2796] Built Mathlib.MeasureTheory.Integral.Asymptotics (1.2s)
✔ [2784/2797] Built Mathlib.MeasureTheory.Measure.EverywherePos (1.7s)
✔ [2785/2799] Built Mathlib.Topology.ContinuousMap.Weierstrass (1.2s)
✔ [2786/2799] Built Mathlib.MeasureTheory.Measure.Lebesgue.Complex (1.2s)
✔ [2787/2801] Built Mathlib.MeasureTheory.Measure.Haar.Unique (5.0s)
✔ [2788/2801] Built Mathlib.Topology.OpenPartialHomeomorph.Composition (824ms)
✔ [2789/2801] Built Mathlib.Topology.ContinuousMap.StoneWeierstrass (5.3s)
✔ [2790/2801] Built Mathlib.MeasureTheory.Measure.Lebesgue.Integral (1.2s)
✔ [2791/2802] Built Mathlib.Data.Nat.Factorial.DoubleFactorial (825ms)
✔ [2792/2802] Built Mathlib.Analysis.SpecialFunctions.PolarCoord (2.4s)
✔ [2793/2802] Built Mathlib.MeasureTheory.Integral.IntegralEqImproper (4.2s)
✔ [2794/2802] Built Mathlib.Analysis.Calculus.DiffContOnCl (1.3s)
✔ [2795/2802] Built Mathlib.Analysis.SpecialFunctions.MulExpNegMulSqIntegral (2.4s)
✔ [2796/2803] Built Mathlib.MeasureTheory.Integral.ExpDecay (1.1s)
✔ [2797/2803] Built Mathlib.Analysis.SpecialFunctions.ImproperIntegrals (1.6s)
✔ [2798/2803] Built Mathlib.MeasureTheory.Measure.FiniteMeasureExt (1.7s)
✔ [2799/2806] Built Mathlib.SetTheory.Cardinal.Continuum (679ms)
✔ [2800/2806] Built Mathlib.Analysis.SpecialFunctions.Gamma.Basic (1.8s)
✔ [2801/2806] Built Mathlib.Algebra.CharZero.Infinite (502ms)
✔ [2802/2807] Built Mathlib.Analysis.SpecialFunctions.Gaussian.GaussianIntegral (1.7s)
✔ [2803/2807] Built Mathlib.MeasureTheory.Measure.CharacteristicFunction.Basic (4.1s)
✔ [2804/2807] Built Mathlib.SetTheory.Cardinal.Rat (544ms)
✔ [2805/2809] Built Mathlib.Analysis.Real.Cardinality (1.1s)
✔ [2806/2813] Built Mathlib.Analysis.SpecialFunctions.Complex.CircleMap (1.2s)
✔ [2807/2813] Built Mathlib.Order.Filter.AtTopBot.Floor (727ms)
✔ [2808/2815] Built Mathlib.Topology.Algebra.Order.Floor (1.2s)
✔ [2809/2818] Built Mathlib.Analysis.BoxIntegral.Box.Basic (1.2s)
✔ [2810/2820] Built Mathlib.Analysis.BoxIntegral.Box.SubboxInduction (1.0s)
✔ [2811/2820] Built Mathlib.Analysis.BoxIntegral.Partition.Basic (1.5s)
✔ [2812/2822] Built Mathlib.Analysis.BoxIntegral.Partition.Split (916ms)
✔ [2813/2825] Built Mathlib.Analysis.BoxIntegral.Partition.Tagged (1.3s)
✔ [2814/2825] Built Mathlib.Analysis.BoxIntegral.Partition.Additive (1.4s)
✔ [2815/2829] Built Mathlib.Analysis.BoxIntegral.Partition.SubboxInduction (915ms)
✔ [2816/2829] Built Mathlib.MeasureTheory.Group.FundamentalDomain (11s)
✔ [2817/2829] Built Mathlib.Analysis.Oscillation (1.0s)
✔ [2818/2829] Built Mathlib.Analysis.BoxIntegral.Partition.Measure (1.2s)
✔ [2819/2829] Built Mathlib.Analysis.BoxIntegral.Partition.Filter (1.4s)
✔ [2820/2830] Built Mathlib.MeasureTheory.Measure.Haar.Quotient (3.9s)
✔ [2821/2830] Built Mathlib.Analysis.BoxIntegral.Basic (5.3s)
✔ [2822/2830] Built Mathlib.MeasureTheory.Integral.IntervalIntegral.Periodic (2.7s)
✔ [2823/2830] Built Mathlib.MeasureTheory.Measure.Decomposition.RadonNikodym (1.8s)
✔ [2824/2830] Built Mathlib.Analysis.BoxIntegral.Integrability (1.9s)
✔ [2825/2830] Built Mathlib.Analysis.BoxIntegral.DivergenceTheorem (2.2s)
✔ [2826/2833] Built Mathlib.MeasureTheory.Integral.CircleIntegral (3.2s)
✔ [2827/2834] Built Mathlib.MeasureTheory.Integral.DivergenceTheorem (3.5s)
✔ [2828/2834] Built Mathlib.Probability.Kernel.Defs (1.5s)
✔ [2829/2834] Built Mathlib.Probability.Kernel.Basic (1.3s)
✔ [2830/2834] Built Mathlib.Probability.Kernel.Composition.CompNotation (890ms)
✔ [2831/2836] Built Mathlib.Analysis.Complex.CauchyIntegral (2.7s)
✔ [2832/2836] Built Mathlib.Probability.Independence.Kernel.Indep (1.8s)
✔ [2833/2839] Built Mathlib.Probability.Kernel.MeasurableLIntegral (1.0s)
✔ [2834/2839] Built Mathlib.Analysis.SpecialFunctions.Gaussian.FourierTransform (2.6s)
✔ [2835/2850] Built Mathlib.Probability.Kernel.Composition.Comp (1.2s)
✔ [2836/2850] Built Mathlib.Probability.Kernel.Composition.MapComap (1.6s)
✔ [2837/2850] Built Mathlib.MeasureTheory.Function.StronglyMeasurable.Lp (1.2s)
✔ [2838/2850] Built Mathlib.Probability.Kernel.Composition.CompMap (829ms)
✔ [2839/2850] Built Mathlib.Probability.Kernel.Composition.ParallelComp (1.1s)
✔ [2840/2850] Built Mathlib.MeasureTheory.Function.LpSpace.CompleteOfCompleteLp (1.9s)
✔ [2841/2853] Built Mathlib.Probability.Kernel.Composition.Prod (1.2s)
✔ [2842/2856] Built Mathlib.Order.Filter.Germ.OrderedMonoid (619ms)
✔ [2843/2856] Built Mathlib.Order.Filter.Ring (667ms)
✔ [2844/2856] Built Mathlib.Probability.Kernel.Composition.CompProd (1.6s)
✔ [2845/2856] Built Mathlib.MeasureTheory.Function.LpSeminorm.Trim (908ms)
✔ [2846/2856] Built Mathlib.MeasureTheory.Function.AEEqOfIntegral (1.7s)
✔ [2847/2856] Built Mathlib.Probability.Kernel.Composition.MeasureCompProd (1.3s)
✔ [2848/2857] Built Mathlib.Probability.Kernel.Composition.KernelLemmas (955ms)
✔ [2849/2857] Built Mathlib.Probability.Kernel.Composition.MeasureComp (1.1s)
✔ [2850/2857] Built Mathlib.Algebra.Order.Module.PositiveLinearMap (1.1s)
✔ [2851/2857] Built Mathlib.MeasureTheory.Function.ConditionalExpectation.AEMeasurable (3.0s)
✔ [2852/2860] Built Mathlib.MeasureTheory.Function.ConditionalExpectation.Unique (1.3s)
✔ [2853/2860] Built Mathlib.Probability.Independence.Kernel.IndepFun (3.6s)
✔ [2854/2860] Built Mathlib.Probability.Independence.Basic (2.6s)
✔ [2855/2860] Built Mathlib.Algebra.Algebra.Unitization (5.6s)
✔ [2856/2861] Built Mathlib.Probability.Independence.Integrable (1.1s)
✔ [2857/2866] Built Mathlib.Probability.Density (1.6s)
✔ [2858/2866] Built Mathlib.Algebra.Algebra.Spectrum.Quasispectrum (3.1s)
✔ [2859/2867] Built Mathlib.Topology.ContinuousMap.StarOrdered (1.9s)
✔ [2860/2869] Built Mathlib.Algebra.Algebra.StrictPositivity (1.1s)
✔ [2861/2869] Built Mathlib.Analysis.Complex.Spectrum (962ms)
✔ [2862/2869] Built Mathlib.Analysis.CStarAlgebra.Classes (5.3s)
✔ [2863/2870] Built Mathlib.Analysis.CStarAlgebra.ContinuousFunctionalCalculus.Unital (6.7s)
✔ [2864/2871] Built Mathlib.Analysis.Normed.Algebra.Unitization (3.4s)
✔ [2865/2871] Built Mathlib.Analysis.Real.Spectrum (1.1s)
✔ [2866/2871] Built Mathlib.Analysis.CStarAlgebra.Unitization (3.5s)
✔ [2867/2872] Built Mathlib.Analysis.Normed.Algebra.UnitizationL1 (1.0s)
✔ [2868/2874] Built Mathlib.Algebra.Algebra.Subalgebra.IsSimpleOrder (946ms)
✔ [2869/2875] Built Mathlib.Analysis.CStarAlgebra.ContinuousFunctionalCalculus.NonUnital (9.8s)
✔ [2870/2875] Built Mathlib.Algebra.Ring.Action.Field (396ms)
✔ [2871/2875] Built Mathlib.Algebra.Polynomial.GroupRingAction (978ms)
✔ [2872/2876] Built Mathlib.Analysis.CStarAlgebra.ContinuousFunctionalCalculus.Unique (4.9s)
✔ [2873/2876] Built Mathlib.Analysis.CStarAlgebra.ContinuousFunctionalCalculus.Restrict (4.0s)
✔ [2874/2878] Built Mathlib.Algebra.Ring.Action.Invariant (631ms)
✔ [2875/2878] Built Mathlib.FieldTheory.Finiteness (836ms)
✔ [2876/2880] Built Mathlib.FieldTheory.Galois.Notation (702ms)
✔ [2877/2880] Built Mathlib.RingTheory.IntegralClosure.IsIntegral.Defs (627ms)
✔ [2878/2885] Built Mathlib.Algebra.Polynomial.Expand (1.2s)
✔ [2879/2885] Built Mathlib.RingTheory.Finiteness.Bilinear (660ms)
✔ [2880/2885] Built Mathlib.RingTheory.Polynomial.Tower (803ms)
✔ [2881/2885] Built Mathlib.RingTheory.Finiteness.Subalgebra (758ms)
✔ [2882/2890] Built Mathlib.FieldTheory.IntermediateField.Basic (5.1s)
✔ [2883/2890] Built Mathlib.RingTheory.IntegralClosure.IsIntegral.Basic (1.2s)
✔ [2884/2890] Built Mathlib.Algebra.Module.LocalizedModule.Basic (8.6s)
✔ [2885/2890] Built Mathlib.FieldTheory.Minpoly.Basic (1.1s)
✔ [2886/2891] Built Mathlib.Algebra.Module.LocalizedModule.IsLocalization (1.1s)
✔ [2887/2894] Built Mathlib.RingTheory.Localization.Module (2.5s)
✔ [2888/2894] Built Mathlib.GroupTheory.MonoidLocalization.Away (763ms)
✔ [2889/2896] Built Mathlib.RingTheory.IsTensorProduct (13s)
✔ [2890/2896] Built Mathlib.RingTheory.UniqueFactorizationDomain.Multiplicity (826ms)
✔ [2891/2896] Built Mathlib.RingTheory.OreLocalization.OreSet (494ms)
✔ [2892/2897] Built Mathlib.Algebra.Module.LocalizedModule.Submodule (4.6s)
✔ [2893/2897] Built Mathlib.RingTheory.Localization.Away.Basic (3.5s)
✔ [2894/2900] Built Mathlib.RingTheory.Algebraic.Defs (886ms)
✔ [2895/2900] Built Mathlib.Algebra.Polynomial.CancelLeads (869ms)
✔ [2896/2900] Built Mathlib.RingTheory.UniqueFactorizationDomain.Finite (661ms)
✔ [2897/2904] Built Mathlib.RingTheory.Polynomial.Content (1.4s)
✔ [2898/2905] Built Mathlib.RingTheory.UniqueFactorizationDomain.FactorSet (1.5s)
✔ [2899/2905] Built Mathlib.RingTheory.UniqueFactorizationDomain.GCDMonoid (795ms)
✔ [2900/2905] Built Mathlib.Algebra.Ring.Int.Field (478ms)
✔ [2901/2905] Built Mathlib.RingTheory.Localization.BaseChange (6.6s)
✔ [2902/2905] Built Mathlib.RingTheory.Polynomial.UniqueFactorization (1.1s)
✔ [2903/2906] Built Mathlib.LinearAlgebra.Dimension.Localization (2.9s)
✔ [2904/2910] Built Mathlib.RingTheory.Algebraic.Basic (2.7s)
✔ [2905/2911] Built Mathlib.Algebra.Polynomial.Laurent (1.0s)
✔ [2906/2911] Built Mathlib.RingTheory.PolynomialAlgebra (1.6s)
✔ [2907/2912] Built Mathlib.RingTheory.MatrixAlgebra (4.2s)
✔ [2908/2912] Built Mathlib.RingTheory.MatrixPolynomialAlgebra (1.2s)
✔ [2909/2912] Built Mathlib.LinearAlgebra.Matrix.SchurComplement (2.9s)
✔ [2910/2917] Built Mathlib.Algebra.Polynomial.Identities (956ms)
✔ [2911/2917] Built Mathlib.RingTheory.Nilpotent.Defs (684ms)
✔ [2912/2922] Built Mathlib.LinearAlgebra.Matrix.Charpoly.Basic (1.9s)
✔ [2913/2922] Built Mathlib.RingTheory.Nilpotent.Lemmas (866ms)
✔ [2914/2923] Built Mathlib.RingTheory.Nilpotent.Basic (880ms)
✔ [2915/2923] Built Mathlib.RingTheory.Finiteness.Ideal (887ms)
✔ [2916/2923] Built Mathlib.RingTheory.IntegralClosure.Algebra.Defs (655ms)
✔ [2917/2925] Built Mathlib.RingTheory.Polynomial.Nilpotent (1.2s)
✔ [2918/2925] Built Mathlib.RingTheory.IntegralClosure.IsIntegralClosure.Defs (636ms)
✔ [2919/2926] Built Mathlib.Algebra.Module.SpanRank (1.5s)
✔ [2920/2931] Built Mathlib.LinearAlgebra.Matrix.Charpoly.Coeff (2.4s)
✔ [2921/2931] Built Mathlib.RingTheory.Polynomial.ScaleRoots (1.3s)
✔ [2922/2931] Built Mathlib.LinearAlgebra.Matrix.Charpoly.LinearMap (1.8s)
✔ [2923/2931] Built Mathlib.RingTheory.TensorProduct.MvPolynomial (2.8s)
✔ [2924/2932] Built Mathlib.RingTheory.Polynomial.Subring (832ms)
✔ [2925/2932] Built Mathlib.RingTheory.Polynomial.IntegralNormalization (1.4s)
✔ [2926/2933] Built Mathlib.RingTheory.IntegralClosure.Algebra.Basic (2.1s)
✔ [2927/2936] Built Mathlib.Algebra.Squarefree.Basic (974ms)
✔ [2928/2938] Built Mathlib.LinearAlgebra.SModEq.Basic (1.6s)
✔ [2929/2938] Built Mathlib.RingTheory.Ideal.BigOperators (557ms)
✔ [2930/2938] Built Mathlib.RingTheory.IntegralClosure.IsIntegralClosure.Basic (2.9s)
✔ [2931/2939] Built Mathlib.LinearAlgebra.FreeModule.Finite.Matrix (1.4s)
✔ [2932/2941] Built Mathlib.RingTheory.Algebraic.Integral (5.0s)
✔ [2933/2942] Built Mathlib.FieldTheory.IntermediateField.Adjoin.Defs (5.0s)
✔ [2934/2942] Built Mathlib.FieldTheory.Minpoly.Field (1.5s)
✔ [2935/2942] Built Mathlib.FieldTheory.Tower (811ms)
✔ [2936/2942] Built Mathlib.RingTheory.Adjoin.Singleton (1.5s)
✔ [2937/2942] Built Mathlib.RingTheory.PowerBasis (2.1s)
✔ [2938/2942] Built Mathlib.FieldTheory.Normal.Defs (2.1s)
✔ [2939/2944] Built Mathlib.FieldTheory.IntermediateField.Algebraic (2.1s)
✔ [2940/2944] Built Mathlib.FieldTheory.Separable (2.0s)
✔ [2941/2944] Built Mathlib.LinearAlgebra.TensorProduct.RightExactness (3.9s)
✔ [2942/2950] Built Mathlib.LinearAlgebra.TensorProduct.Quotient (5.5s)
✔ [2943/2950] Built Mathlib.Algebra.Ring.Action.End (574ms)
✔ [2944/2950] Built Mathlib.RingTheory.Ideal.Pointwise (1.4s)
✔ [2945/2953] Built Mathlib.FieldTheory.Fixed (2.4s)
✔ [2946/2953] Built Mathlib.RingTheory.MvPolynomial.Tower (796ms)
✔ [2947/2953] Built Mathlib.RingTheory.Ideal.Quotient.Noetherian (718ms)
✔ [2948/2958] Built Mathlib.RingTheory.Ideal.Over (2.1s)
✔ [2949/2959] Built Mathlib.RingTheory.FinitePresentation (2.2s)
✔ [2950/2962] Built Mathlib.RingTheory.Polynomial.Ideal (1.0s)
✔ [2951/2962] Built Mathlib.RingTheory.TensorProduct.Quotient (3.4s)
✔ [2952/2962] Built Mathlib.RingTheory.Adjoin.Dimension (896ms)
✔ [2953/2962] Built Mathlib.RingTheory.TensorProduct.Finite (1.7s)
✔ [2954/2962] Built Mathlib.RingTheory.Polynomial.Quotient (2.9s)
✔ [2955/2965] Built Mathlib.RingTheory.EssentialFiniteness (1.6s)
✔ [2956/2965] Built Mathlib.FieldTheory.IntermediateField.Adjoin.Algebra (3.3s)
✔ [2957/2973] Built Mathlib.RingTheory.Norm.Defs (897ms)
✔ [2958/2973] Built Mathlib.RingTheory.IsPrimary (991ms)
✔ [2959/2973] Built Mathlib.RingTheory.Spectrum.Prime.Defs (610ms)
✔ [2960/2975] Built Mathlib.RingTheory.Ideal.IsPrimary (762ms)
✔ [2961/2978] Built Mathlib.RingTheory.AdjoinRoot (7.8s)
✔ [2962/2978] Built Mathlib.RingTheory.Localization.Ideal (2.1s)
✔ [2963/2978] Built Mathlib.Topology.Algebra.Module.Spaces.WeakDual (1.9s)
✔ [2964/2978] Built Mathlib.FieldTheory.KummerPolynomial (1.2s)
✔ [2965/2978] Built Mathlib.Topology.Semicontinuity.Hemicontinuity (941ms)
✔ [2966/2978] Built Mathlib.RingTheory.Adjoin.Field (1.9s)
✔ [2967/2978] Built Mathlib.Topology.Algebra.Module.Spaces.CharacterSpace (1.5s)
✔ [2968/2978] Built Mathlib.RingTheory.Localization.Algebra (1.9s)
✔ [2969/2978] Built Mathlib.FieldTheory.SplittingField.IsSplittingField (1.4s)
✔ [2970/2978] Built Mathlib.FieldTheory.Perfect (1.8s)
✔ [2971/2980] Built Mathlib.RingTheory.Localization.Integral (2.5s)
✔ [2972/2982] Built Mathlib.Analysis.Normed.Module.Ball.Homeomorph (1.8s)
✔ [2973/2983] Built Mathlib.FieldTheory.IntermediateField.Adjoin.Basic (4.6s)
✔ [2974/2983] Built Mathlib.Analysis.Calculus.ContDiff.WithLp (1.5s)
✔ [2975/2985] Built Mathlib.Analysis.Calculus.FDeriv.WithLp (1.9s)
✔ [2976/2985] Built Mathlib.Analysis.Calculus.LagrangeMultipliers (1.5s)
✔ [2977/2985] Built Mathlib.FieldTheory.Extension (3.2s)
✔ [2978/2985] Built Mathlib.Analysis.InnerProductSpace.Calculus (4.4s)
✔ [2979/2988] Built Mathlib.LinearAlgebra.Eigenspace.Basic (4.1s)
✔ [2980/2988] Built Mathlib.Analysis.Normed.Operator.Compact.Basic (2.5s)
✔ [2981/2988] Built Mathlib.FieldTheory.IsAlgClosed.Basic (3.1s)
✔ [2982/2988] Built Mathlib.Analysis.Normed.Operator.Compact.FiniteDimension (912ms)
✔ [2983/2988] Built Mathlib.FieldTheory.IsAlgClosed.Spectrum (1.3s)
✔ [2984/2992] Built Mathlib.Analysis.Normed.Operator.Compact.FredholmAlternative (3.7s)
✔ [2985/2992] Built Mathlib.LinearAlgebra.Charpoly.Basic (1.3s)
✔ [2986/2993] Built Mathlib.RingTheory.Finiteness.Prod (663ms)
✔ [2987/2995] Built Mathlib.Analysis.Normed.Algebra.Spectrum (4.7s)
✔ [2988/2995] Built Mathlib.LinearAlgebra.Charpoly.ToMatrix (1.2s)
✔ [2989/2997] Built Mathlib.LinearAlgebra.Charpoly.BaseChange (1.1s)
✔ [2990/2997] Built Mathlib.LinearAlgebra.Contraction (2.3s)
✔ [2991/2998] Built Mathlib.RingTheory.TensorProduct.Free (1.6s)
✔ [2992/2998] Built Mathlib.Analysis.InnerProductSpace.Rayleigh (3.2s)
✔ [2993/2999] Built Mathlib.LinearAlgebra.Matrix.Charpoly.Eigs (863ms)
✔ [2994/2999] Built Mathlib.LinearAlgebra.Trace (3.4s)
✔ [2995/3001] Built Mathlib.Analysis.CStarAlgebra.ContinuousFunctionalCalculus.Instances (7.9s)
✔ [2996/3001] Built Mathlib.LinearAlgebra.Eigenspace.ContinuousLinearMap (836ms)
✔ [2997/3003] Built Mathlib.LinearAlgebra.Eigenspace.Charpoly (1.0s)
✔ [2998/3003] Built Mathlib.LinearAlgebra.Eigenspace.Minpoly (1.2s)
✔ [2999/3003] Built Mathlib.Data.Fin.Tuple.Sort (816ms)
✔ [3000/3003] Built Mathlib.Analysis.Matrix.Hermitian (1.3s)
✔ [3001/3008] Built Mathlib.LinearAlgebra.Eigenspace.Matrix (1.4s)
✔ [3002/3009] Built Mathlib.LinearAlgebra.Dimension.OrzechProperty (2.5s)
✔ [3003/3009] Built Mathlib.Analysis.InnerProductSpace.Spectrum (3.9s)
✔ [3004/3010] Built Mathlib.Topology.ContinuousMap.Units (1.1s)
✔ [3005/3010] Built Mathlib.LinearAlgebra.Matrix.Rank (2.4s)
✔ [3006/3011] Built Mathlib.Analysis.RCLike.Sqrt (2.2s)
✔ [3007/3014] Built Mathlib.Algebra.Order.Star.Prod (706ms)
✔ [3008/3017] Built Mathlib.Algebra.Group.Pi.Units (494ms)
✔ [3009/3018] Built Mathlib.Analysis.Matrix.Spectrum (2.3s)
✔ [3010/3018] Built Mathlib.Algebra.Algebra.Spectrum.Pi (911ms)
✔ [3011/3018] Built Mathlib.Topology.ContinuousMap.ContinuousSqrt (1.1s)
✔ [3012/3019] Built Mathlib.Analysis.Matrix.PosDef (1.4s)
✔ [3013/3019] Built Mathlib.Analysis.Matrix.HermitianFunctionalCalculus (2.3s)
✔ [3014/3019] Built Mathlib.Analysis.CStarAlgebra.ContinuousFunctionalCalculus.Pi (1.6s)
✔ [3015/3019] Built Mathlib.Analysis.CStarAlgebra.ContinuousFunctionalCalculus.Isometric (8.1s)
✔ [3016/3019] Built Mathlib.Analysis.SpecialFunctions.ContinuousFunctionalCalculus.PosPart.Basic (5.2s)
✔ [3017/3027] Built Mathlib.Analysis.CStarAlgebra.ContinuousFunctionalCalculus.Commute (2.1s)
✔ [3018/3031] Built Mathlib.Order.CompleteLattice.Group (480ms)
✔ [3019/3031] Built Mathlib.MeasureTheory.Function.LpSpace.ContinuousFunctions (2.9s)
✔ [3020/3038] Built Mathlib.Topology.MetricSpace.UniformConvergence (2.6s)
✔ [3021/3038] Built Mathlib.MeasureTheory.Function.StronglyMeasurable.Inner (1.0s)
✔ [3022/3038] Built Mathlib.Analysis.SpecialFunctions.ContinuousFunctionalCalculus.Rpow.Basic (11s)
✔ [3023/3039] Built Mathlib.MeasureTheory.Function.LpSpace.InfiniteSum (1.4s)
✔ [3024/3042] Built Mathlib.Analysis.Calculus.ParametricIntegral (3.1s)
✔ [3025/3045] Built Mathlib.Analysis.CStarAlgebra.ContinuousFunctionalCalculus.Continuity (9.2s)
✔ [3026/3046] Built Mathlib.MeasureTheory.Function.UniformIntegrable (2.4s)
✔ [3027/3046] Built Mathlib.MeasureTheory.Order.Group.Lattice (941ms)
✔ [3028/3046] Built Mathlib.Analysis.SpecialFunctions.ContinuousFunctionalCalculus.Rpow.Isometric (2.0s)
✔ [3029/3046] Built Mathlib.Analysis.SpecialFunctions.Complex.Analytic (2.1s)
✔ [3030/3048] Built Mathlib.Probability.Moments.IntegrableExpMul (1.7s)
✔ [3031/3048] Built Mathlib.Analysis.SpecialFunctions.ContinuousFunctionalCalculus.Abs (4.8s)
✔ [3032/3050] Built Mathlib.Algebra.Polynomial.Module.AEval (4.5s)
✔ [3033/3050] Built Mathlib.Analysis.Matrix.Order (3.3s)
✔ [3034/3050] Built Mathlib.Algebra.Polynomial.Module.Basic (3.4s)
✔ [3035/3050] Built Mathlib.Order.Interval.Finset.Gaps (1.3s)
✔ [3036/3055] Built Mathlib.Algebra.BigOperators.Group.Finset.Gaps (791ms)
✔ [3037/3057] Built Mathlib.Analysis.InnerProductSpace.GramMatrix (2.7s)
✔ [3038/3057] Built Mathlib.Order.Monotone.Extension (561ms)
✔ [3039/3057] Built Mathlib.MeasureTheory.Covering.Vitali (1.9s)
✔ [3040/3057] Built Mathlib.MeasureTheory.Function.L2Space (2.8s)
✔ [3041/3061] Built Mathlib.MeasureTheory.Covering.DensityTheorem (1.6s)
✔ [3042/3061] Built Mathlib.Topology.EMetricSpace.BoundedVariation (3.7s)
✔ [3043/3061] Built Mathlib.Order.SuccPred.IntervalSucc (1.2s)
✔ [3044/3067] Built Mathlib.MeasureTheory.Covering.OneDim (1.2s)
✔ [3045/3067] Built Mathlib.MeasureTheory.Function.ConditionalExpectation.CondexpL2 (3.6s)
✔ [3046/3067] Built Mathlib.MeasureTheory.Integral.IntervalIntegral.Slope (2.2s)
✔ [3047/3067] Built Mathlib.Analysis.Calculus.Monotone (1.7s)
✔ [3048/3068] Built Mathlib.MeasureTheory.Integral.IntervalIntegral.LebesgueDifferentiationThm (1.6s)
✔ [3049/3068] Built Mathlib.Analysis.BoundedVariation (1.2s)
✔ [3050/3068] Built Mathlib.MeasureTheory.Function.ConditionalExpectation.CondexpL1 (3.5s)
✔ [3051/3070] Built Mathlib.MeasureTheory.Function.AbsolutelyContinuous (3.5s)
✔ [3052/3070] Built Mathlib.Analysis.InnerProductSpace.Positive (5.7s)
✔ [3053/3070] Built Mathlib.MeasureTheory.Integral.IntervalIntegral.DerivIntegrable (1.5s)
✔ [3054/3073] Built Mathlib.MeasureTheory.Function.ConditionalExpectation.Basic (2.6s)
✔ [3055/3073] Built Mathlib.MeasureTheory.SpecificCodomains.Pi (1.8s)
✔ [3056/3073] Built Mathlib.Probability.Notation (1.3s)
✔ [3057/3073] Built Mathlib.MeasureTheory.Integral.IntervalIntegral.AbsolutelyContinuousFun (3.6s)
✔ [3058/3073] Built Mathlib.Analysis.LocallyConvex.ContinuousOfBounded (1.6s)
✔ [3059/3073] Built Mathlib.MeasureTheory.SpecificCodomains.WithLp (1.3s)
✔ [3060/3079] Built Mathlib.Probability.Independence.Integration (2.8s)
✔ [3061/3079] Built Mathlib.Analysis.Calculus.Taylor (3.8s)
✔ [3062/3079] Built Mathlib.Probability.Moments.Covariance (1.7s)
✔ [3063/3079] Built Mathlib.Analysis.SpecificLimits.ArithmeticGeometric (1.1s)
✔ [3064/3079] Built Mathlib.Probability.Moments.Variance (2.9s)
✔ [3065/3079] Built Mathlib.Probability.Distributions.Fernique (3.5s)
✔ [3066/3085] Built Mathlib.Probability.HasLaw (1.7s)
✔ [3067/3085] Built Mathlib.Probability.Moments.CovarianceBilinDual (3.6s)
✔ [3068/3086] Built Mathlib.Probability.Kernel.Disintegration.MeasurableStieltjes (1.2s)
✔ [3069/3087] Built Mathlib.Probability.IdentDistrib (1.6s)
✔ [3070/3093] Built Mathlib.Probability.Moments.Basic (1.9s)
✔ [3071/3093] Built Mathlib.Probability.Kernel.Disintegration.CDFToKernel (2.4s)
✔ [3072/3093] Built Mathlib.Probability.Moments.ComplexMGF (1.8s)
✔ [3073/3093] Built Mathlib.Probability.Moments.CovarianceBilin (2.4s)
✔ [3074/3093] Built Mathlib.Probability.Kernel.Disintegration.CondCDF (1.3s)
✔ [3075/3094] Built Mathlib.Probability.Moments.MGFAnalytic (1.6s)
✔ [3076/3094] Built Mathlib.Probability.Independence.CharacteristicFunction (2.0s)
✔ [3077/3094] Built Mathlib.Probability.CDF (1.0s)
✔ [3078/3101] Built WeakSimplexConjectureLean.Maxima.CoordinateMax (1.2s)
✔ [3079/3105] Built Mathlib.Probability.Distributions.Gaussian.Real (2.5s)
✔ [3080/3105] Built Mathlib.Order.Monotone.Union (495ms)
✔ [3081/3105] Built Mathlib.Topology.UrysohnsBounded (897ms)
✔ [3082/3105] Built WeakSimplexConjectureLean.Normal.PDFCDF (1.5s)
✔ [3083/3105] Built Mathlib.MeasureTheory.Measure.Tight (1.9s)
✔ [3084/3105] Built Mathlib.Order.Monotone.Odd (438ms)
✔ [3085/3105] Built Mathlib.Probability.Distributions.Gaussian.Basic (3.4s)
✔ [3086/3105] Built Mathlib.Order.Interval.Set.IsoIoo (961ms)
✔ [3087/3106] Built Mathlib.Probability.Distributions.Gaussian.HasGaussianLaw.Def (992ms)
✔ [3088/3107] Built Mathlib.Probability.Distributions.Gaussian.Fernique (2.4s)
✔ [3089/3107] Built Mathlib.Topology.TietzeExtension (1.9s)
✔ [3090/3107] Built WeakSimplexConjectureLean.Vendor.StatLean.PiWithDensity (1.3s)
✔ [3091/3107] Built Mathlib.Probability.Distributions.Gaussian.HasGaussianLaw.Basic (2.1s)
✔ [3092/3107] Built WeakSimplexConjectureLean.Vendor.StatLean.WithDensityMap (971ms)
✔ [3093/3111] Built Mathlib.Probability.Distributions.Gaussian.CharFun (2.7s)
✔ [3094/3111] Built Mathlib.MeasureTheory.Measure.FiniteMeasure (3.2s)
✔ [3095/3111] Built Mathlib.Probability.Distributions.Gaussian.Multivariate (3.7s)
✔ [3096/3111] Built Mathlib.Topology.MetricSpace.ProperSpace.Lemmas (736ms)
✔ [3097/3111] Built Mathlib.Probability.Distributions.Gaussian.HasGaussianLaw.Independence (8.5s)
✔ [3098/3111] Built Mathlib.MeasureTheory.Measure.ProbabilityMeasure (2.6s)
✔ [3099/3111] Built FSC.Definitions (1.5s)
✔ [3100/3111] Built Mathlib.Analysis.InnerProductSpace.EuclideanDist (1.9s)
✔ [3101/3111] Built Mathlib.MeasureTheory.Measure.Portmanteau (2.6s)
✔ [3102/3111] Built FSC.Gaussian.AffineLaw (2.1s)
✔ [3103/3111] Built FSC.Gaussian.PinDefinitions (1.4s)
✔ [3104/3111] Built Mathlib.MeasureTheory.Function.ConvergenceInDistribution (2.6s)
✔ [3105/3111] Built WeakSimplexConjectureLean.Vendor.StatLean.GaussianMGFShift (3.3s)
✔ [3106/3111] Built FSC.Gaussian.IndependentSum (1.6s)
✔ [3107/3114] Built FSC.Gaussian.SinglePin (1.8s)
✔ [3108/3114] Built WeakSimplexConjectureLean.Gaussian.Shift (1.6s)
✔ [3109/3114] Built WeakSimplexConjectureLean.Gaussian.Regularization (3.2s)
✔ [3110/3120] Built FSC.Gaussian.PairLaw (2.4s)
✔ [3111/3120] Built WeakSimplexConjectureLean.Normal.TruncatedMoments (1.5s)
✔ [3112/3125] Built WeakSimplexConjectureLean.Core.QuadraticCoercivity (1.8s)
✔ [3113/3127] Built WeakSimplexConjectureLean.Normal.Mills (1.7s)
✔ [3114/3127] Built WeakSimplexConjectureLean.LogConcavity.Basic (1.1s)
✔ [3115/3127] Built WeakSimplexConjectureLean.Tilt.RankOneInverse (1.7s)
✔ [3116/3127] Built WeakSimplexConjectureLean.Product.CenteredProperty (1.3s)
✔ [3117/3127] Built WeakSimplexConjectureLean.Normal.TiltFunctions (1.9s)
✔ [3118/3129] Built WeakSimplexConjectureLean.LogConcavity.Indicators (1.5s)
✔ [3119/3129] Built WeakSimplexConjectureLean.Tilt.Potential (1.6s)
✔ [3120/3129] Built WeakSimplexConjectureLean.Tilt.TiltedHalfLine (1.5s)
✔ [3121/3129] Built WeakSimplexConjectureLean.Vendor.StatLean.PiGaussian (1.4s)
✔ [3122/3129] Built WeakSimplexConjectureLean.Tilt.CompactMaximizer (2.4s)
✔ [3123/3132] Built WeakSimplexConjectureLean.Tilt.Stationarity (1.8s)
✔ [3124/3132] Built WeakSimplexConjectureLean.Gaussian.DensityRatio (3.9s)
✔ [3125/3132] Built WeakSimplexConjectureLean.Tilt.AdaptiveWitnesses (1.4s)
✔ [3126/3132] Built WeakSimplexConjectureLean.Vendor.StatLean.PrekopaLeindler (2.5s)
✔ [3127/3132] Built WeakSimplexConjectureLean.Tilt.EventShift (1.4s)
✔ [3128/3132] Built WeakSimplexConjectureLean.LogConcavity.Prekopa (1.4s)
✔ [3129/3132] Built WeakSimplexConjectureLean.Orthant.AdaptiveReduction (1.6s)
✔ [3130/3136] Built WeakSimplexConjectureLean.Product.NormalizedSelfConvolution (1.9s)
✔ [3131/3136] Built WeakSimplexConjectureLean.Orthant.PositiveDefiniteConditional (1.5s)
✔ [3132/3142] Built Mathlib.Data.Bundle (578ms)
✔ [3133/3146] Built Mathlib.Topology.OpenPartialHomeomorph.Constructions (1.2s)
✔ [3134/3146] Built Mathlib.Topology.SeparatedMap (719ms)
✔ [3135/3146] Built Mathlib.Topology.IsLocalHomeomorph (783ms)
✔ [3136/3146] Built Mathlib.Topology.FiberBundle.Trivialization (2.9s)
✔ [3137/3146] Built Mathlib.MeasureTheory.Function.ContinuousMapDense (1.6s)
✔ [3138/3146] Built Mathlib.Topology.FiberBundle.Basic (1.6s)
✔ [3139/3146] Built Mathlib.Topology.Covering.Basic (2.0s)
✔ [3140/3150] Built Mathlib.Topology.Covering.Quotient (2.5s)
✔ [3141/3151] Built Mathlib.Analysis.Normed.Lp.lpSpace (11s)
✔ [3142/3151] Built Mathlib.Topology.Covering.AddCircle (991ms)
✔ [3143/3151] Built Mathlib.Data.List.GetD (413ms)
✔ [3144/3151] Built Mathlib.Analysis.Calculus.ContDiff.CPolynomial (1.1s)
✔ [3145/3155] Built Mathlib.Analysis.SpecialFunctions.Complex.Circle (2.0s)
✔ [3146/3155] Built Mathlib.Data.List.ToFinsupp (678ms)
✔ [3147/3155] Built Mathlib.Analysis.InnerProductSpace.l2Space (5.2s)
✔ [3148/3155] Built Mathlib.Data.Nat.Choose.Multinomial (1.5s)
✔ [3149/3155] Built Mathlib.Analysis.Calculus.LineDeriv.Basic (2.9s)
✔ [3150/3157] Built Mathlib.Analysis.Fourier.AddCircle (3.3s)
✔ [3151/3157] Built Mathlib.Analysis.Calculus.ContDiff.Bounds (4.6s)
✔ [3152/3158] Built Mathlib.MeasureTheory.Function.SpecialFunctions.Sinc (980ms)
✔ [3153/3158] Built Mathlib.Analysis.Calculus.LineDeriv.IntegrationByParts (2.7s)
✔ [3154/3158] Built Mathlib.MeasureTheory.Integral.Regular (1.1s)
✔ [3155/3162] Built Mathlib.MeasureTheory.Measure.IntegralCharFun (1.9s)
✔ [3156/3162] Built Mathlib.Topology.Algebra.Order.Support (627ms)
✔ [3157/3162] Built Mathlib.Topology.ContinuousMap.ZeroAtInfty (4.2s)
✔ [3158/3163] Built Mathlib.Topology.ContinuousMap.CompactlySupported (5.4s)
✔ [3159/3166] Built Mathlib.MeasureTheory.Integral.CompactlySupported (1.1s)
✔ [3160/3168] Built Mathlib.Topology.Compactness.Paracompact (912ms)
✔ [3161/3170] Built Mathlib.Topology.ShrinkingLemma (1.0s)
✔ [3162/3170] Built Mathlib.Order.Interval.Set.Union (593ms)
✔ [3163/3173] Built Mathlib.Analysis.Fourier.FourierTransformDeriv (14s)
✔ [3164/3173] Built Mathlib.Topology.PartitionOfUnity (2.1s)
✔ [3165/3173] Built Mathlib.MeasureTheory.Measure.LevyProkhorovMetric (2.6s)
✔ [3166/3173] Built Mathlib.MeasureTheory.Measure.CharacteristicFunction.TaylorExpansion (2.1s)
✔ [3167/3175] Built Mathlib.MeasureTheory.Measure.TightNormed (1.6s)
✔ [3168/3175] Built Mathlib.MeasureTheory.Integral.RieszMarkovKakutani.Basic (1.8s)
✔ [3169/3175] Built Mathlib.MeasureTheory.Constructions.Cylinders (1.1s)
✔ [3170/3181] Built Mathlib.MeasureTheory.Constructions.Projective (1.0s)
✔ [3171/3181] Built Mathlib.Data.Finset.Pairwise (642ms)
✔ [3172/3181] Built Mathlib.Order.Partition.Finpartition (2.4s)
✔ [3173/3181] Built Mathlib.MeasureTheory.Integral.RieszMarkovKakutani.Real (5.2s)
✔ [3174/3182] Built Mathlib.MeasureTheory.SetSemiring (1.0s)
✔ [3175/3182] Built Mathlib.MeasureTheory.SetAlgebra (882ms)
✔ [3176/3182] Built Mathlib.MeasureTheory.Measure.Prokhorov (4.2s)
✔ [3177/3182] Built Mathlib.MeasureTheory.Measure.AddContent (2.8s)
✔ [3178/3182] Built Mathlib.MeasureTheory.Function.ConditionalExpectation.Indicator (1.3s)
✔ [3179/3184] Built Mathlib.MeasureTheory.Constructions.ProjectiveFamilyContent (954ms)
✔ [3180/3186] Built Mathlib.MeasureTheory.Measure.LevyConvergence (3.1s)
✔ [3181/3195] Built Mathlib.Probability.CentralLimitTheorem (2.7s)
✔ [3182/3195] Built Mathlib.MeasureTheory.VectorMeasure.Basic (3.9s)
✔ [3183/3195] Built Mathlib.Order.Restriction (623ms)
✔ [3184/3195] Built Mathlib.MeasureTheory.OuterMeasure.OfAddContent (899ms)
✔ [3185/3195] Built Mathlib.MeasureTheory.VectorMeasure.WithDensity (1.5s)
✔ [3186/3196] Built Mathlib.MeasureTheory.VectorMeasure.Decomposition.Hahn (1.7s)
✔ [3187/3196] Built Mathlib.MeasureTheory.MeasurableSpace.PreorderRestrict (578ms)
✔ [3188/3196] Built Mathlib.MeasureTheory.Measure.Complex (1.4s)
✔ [3189/3198] Built Mathlib.Probability.Kernel.Composition.Lemmas (982ms)
✔ [3190/3199] Built Mathlib.MeasureTheory.VectorMeasure.Decomposition.Jordan (1.5s)
✔ [3191/3199] Built Mathlib.MeasureTheory.VectorMeasure.Decomposition.Lebesgue (1.7s)
✔ [3192/3199] Built Mathlib.Probability.Kernel.MeasurableIntegral (1.9s)
✔ [3193/3199] Built Mathlib.MeasureTheory.VectorMeasure.Decomposition.RadonNikodym (1.0s)
✔ [3194/3199] Built Mathlib.Probability.Kernel.Disintegration.Basic (1.4s)
✔ [3195/3199] Built Mathlib.MeasureTheory.Function.ConditionalExpectation.Real (1.4s)
✔ [3196/3205] Built Mathlib.Probability.Kernel.Composition.IntegralCompProd (2.1s)
✔ [3197/3205] Built Mathlib.Data.Fintype.WithTopBot (540ms)
✔ [3198/3207] Built Mathlib.Probability.Process.Filtration (2.4s)
✔ [3199/3211] Built Mathlib.Probability.Process.Adapted (1.6s)
✔ [3200/3211] Built Mathlib.MeasureTheory.Function.FactorsThrough (1.1s)
✔ [3201/3213] Built Mathlib.Topology.Order.WithTop (4.0s)
✔ [3202/3213] Built Mathlib.Probability.Process.Predictable (2.6s)
✔ [3203/3218] Built Mathlib.MeasureTheory.Constructions.BorelSpace.WithTop (839ms)
✔ [3204/3218] Built Mathlib.MeasureTheory.Function.Holder (5.4s)
✔ [3205/3218] Built Mathlib.Probability.Process.PartitionFiltration (1.0s)
✔ [3206/3218] Built Mathlib.MeasureTheory.Constructions.Polish.EmbeddingReal (855ms)
✔ [3207/3220] Built Mathlib.MeasureTheory.Function.ConditionalExpectation.PullOut (2.9s)
✔ [3208/3228] Built Mathlib.Probability.Process.Stopping (4.1s)
✔ [3209/3228] Built Mathlib.Probability.Kernel.IonescuTulcea.Maps (1.6s)
✔ [3210/3228] Built Mathlib.Probability.Martingale.Basic (2.9s)
✔ [3211/3228] Built Mathlib.Probability.Process.HittingTime (2.2s)
✔ [3212/3228] Built Mathlib.Probability.Kernel.Integral (1.1s)
✔ [3213/3243] Built Mathlib.Probability.Kernel.IonescuTulcea.PartialTraj (2.0s)
✔ [3214/3245] Built Mathlib.Probability.Martingale.Upcrossing (2.3s)
✔ [3215/3245] Built Mathlib.Probability.Kernel.SetIntegral (949ms)
✔ [3216/3245] Built FSC.Gaussian.NormalizedAddition (1.8s)
✔ [3217/3245] Built WeakSimplexConjectureLean.Product.SymmetricRectangle (3.4s)
✔ [3218/3247] Built FSC.Support.Definitions (1.5s)
✔ [3219/3247] Built Mathlib.Probability.Martingale.Convergence (1.5s)
✔ [3220/3254] Built Mathlib.Analysis.Calculus.FDeriv.Partial (2.0s)
✔ [3221/3254] Built WeakSimplexConjectureLean.Product.EvenLayerCake (1.9s)
✔ [3222/3254] Built FSC.Support.Slicing (2.1s)
✔ [3223/3254] Built Mathlib.Analysis.Calculus.FDeriv.Pi (1.1s)
✔ [3224/3254] Built FSC.Analysis.PartialDerivatives (1.4s)
✔ [3225/3254] Built Mathlib.Probability.Kernel.Disintegration.Density (1.0s)
✔ [3226/3254] Built Mathlib.MeasureTheory.Integral.Indicator (838ms)
✔ [3227/3273] Built FSC.Analysis.Definitions (1.0s)
✔ [3228/3273] Built WeakSimplexConjectureLean.Product.SumDifference (2.1s)
✔ [3229/3273] Built FSC.Analysis.FinitePartialDerivatives (1.8s)
✔ [3230/3273] Built Mathlib.Probability.Kernel.Disintegration.StandardBorel (1.4s)
✔ [3231/3273] Built Mathlib.Analysis.Analytic.IteratedFDeriv (2.9s)
✔ [3232/3273] Built FSC.Gaussian.StandardDensity (1.3s)
✔ [3233/3273] Built FSC.Scalar.Componentwise (1.1s)
✔ [3234/3273] Built FSC.Simplex.Definitions (1.3s)
✔ [3235/3273] Built FSC.Support.Differentiation (1.0s)
✔ [3236/3273] Built FSC.Analysis.NoiseAveraging (10s)
✔ [3237/3273] Built Mathlib.Probability.Kernel.Disintegration.Integral (1.5s)
✔ [3238/3273] Built FSC.Support.Dilation (3.5s)
✔ [3239/3273] Built Mathlib.Analysis.Calculus.FDeriv.Symmetric (4.7s)
✔ [3240/3273] Built Mathlib.Probability.Kernel.Disintegration.Unique (1.3s)
✔ [3241/3273] Built FSC.Analysis.FeasibleVariation (1.9s)
✔ [3242/3273] Built FSC.Support.QuadraticTangent (1.9s)
✔ [3243/3273] Built FSC.Support.Padding (2.2s)
✔ [3244/3275] Built FSC.Analysis.PeanoTaylor (1.8s)
✔ [3245/3275] Built Mathlib.Probability.Kernel.CondDistrib (1.7s)
✔ [3246/3275] Built Mathlib.Analysis.Calculus.Deriv.Polynomial (1.5s)
✔ [3247/3276] Built Mathlib.Analysis.Complex.Liouville (1.7s)
✔ [3248/3278] Built Mathlib.FieldTheory.Minpoly.Finite (920ms)
✔ [3249/3282] Built Mathlib.Algebra.CharP.Algebra (892ms)
✔ [3250/3283] Built Mathlib.Probability.Kernel.IonescuTulcea.Traj (2.6s)
✔ [3251/3283] Built Mathlib.GroupTheory.Perm.ViaEmbedding (514ms)
✔ [3252/3283] Built Mathlib.FieldTheory.SplittingField.Construction (2.5s)
✔ [3253/3283] Built Mathlib.Probability.ProductMeasure (2.3s)
✔ [3254/3287] Built Mathlib.GroupTheory.Solvable (912ms)
✔ [3255/3287] Built Mathlib.Probability.Independence.InfinitePi (1.2s)
✔ [3256/3287] Built Mathlib.FieldTheory.PrimitiveElement (2.7s)
✔ [3257/3287] Built Mathlib.GroupTheory.GroupAction.FixedPoints (1.2s)
✔ [3258/3290] Built Mathlib.FieldTheory.Normal.Basic (2.5s)
✔ [3259/3290] Built Mathlib.Probability.HasLawExists (1.0s)
✔ [3260/3293] Built Mathlib.GroupTheory.GroupAction.FixingSubgroup (1.1s)
✔ [3261/3293] Built Mathlib.Analysis.Complex.Cardinality (753ms)
✔ [3262/3294] Built Mathlib.FieldTheory.Normal.Closure (2.4s)
✔ [3263/3294] Built WeakSimplexConjectureLean.Product.DyadicCLT (1.8s)
✔ [3264/3294] Built Mathlib.Analysis.Analytic.RadiusLiminf (1.1s)
✔ [3265/3294] Built Mathlib.LinearAlgebra.Complex.FiniteDimensional (872ms)
✔ [3266/3294] Built Mathlib.Analysis.CStarAlgebra.ContinuousMap (3.3s)
✔ [3267/3296] Built Mathlib.FieldTheory.Galois.Basic (4.1s)
✔ [3268/3296] Built WeakSimplexConjectureLean.Product.PositiveLowerBound (1.6s)
✔ [3269/3296] Built Mathlib.Analysis.CStarAlgebra.Exponential (1.1s)
✔ [3270/3296] Built Mathlib.FieldTheory.PolynomialGaloisGroup (2.1s)
✔ [3271/3296] Built WeakSimplexConjectureLean.Product.CenteredProduct (1.6s)
✔ [3272/3297] Built Mathlib.Analysis.Complex.Polynomial.Basic (1.7s)
✔ [3273/3297] Built Mathlib.Analysis.CStarAlgebra.Fuglede (3.6s)
✔ [3274/3297] Built WeakSimplexConjectureLean.Orthant.PositiveDefinite (1.3s)
✔ [3275/3301] Built Mathlib.Analysis.Normed.Algebra.GelfandFormula (2.0s)
✔ [3276/3315] Built Mathlib.Analysis.Normed.Operator.Completeness (1.6s)
✔ [3277/3315] Built WeakSimplexConjectureLean.Orthant.Singular (1.6s)
✔ [3278/3315] Built Mathlib.Analysis.CStarAlgebra.Spectrum (2.4s)
✔ [3279/3315] Built Mathlib.Analysis.LocallyConvex.Barrelled (1.5s)
✔ [3280/3315] Built FSC.Threshold.LinearBarrier (1.7s)
✔ [3281/3315] Built Mathlib.Topology.ContinuousMap.Ideals (3.0s)
✔ [3282/3315] Built FSC.Gaussian.Maximum (1.4s)
✔ [3283/3315] Built Mathlib.Analysis.Normed.Operator.BanachSteinhaus (1.0s)
✔ [3284/3315] Built WeakSimplexConjectureLean.Maxima.StochasticOrder (1.4s)
✔ [3285/3315] Built WeakSimplexConjectureLean.Maxima.ExponentialMoments (1.5s)
✔ [3286/3316] Built Mathlib.Analysis.Normed.Module.WeakDual (2.9s)
✔ [3287/3316] Built WeakSimplexConjectureLean.Coding.BayesValue (2.3s)
✔ [3288/3316] Built Mathlib.Analysis.Normed.Algebra.Basic (1.4s)
✔ [3289/3316] Built FSCProbes.Algebra (1.3s)
✔ [3290/3318] Built FSC.LinearAlgebra.Gram (1.7s)
✔ [3291/3318] Built FSC.LinearAlgebra.PaddedGram (2.7s)
✔ [3292/3318] Built Mathlib.Analysis.CStarAlgebra.GelfandDuality (5.3s)
✔ [3293/3318] Built FSC.Gaussian.ProjectedNormals (1.7s)
✔ [3294/3318] Built Mathlib.Tactic.Algebra.Lemmas (852ms)
✔ [3295/3318] Built FSC.Gaussian.PairWeights (1.7s)
✔ [3296/3320] Built FSC.Support.GramInvariance (1.5s)
✔ [3297/3321] Built FSC.Gaussian.ConditionalCaps (2.0s)
✔ [3298/3321] Built Mathlib.Tactic.Algebra.Basic (2.5s)
✔ [3299/3321] Built Mathlib.Analysis.CStarAlgebra.ContinuousFunctionalCalculus.Basic (6.9s)
✔ [3300/3321] Built FSC.Gaussian.CDFContinuity (1.6s)
✔ [3301/3321] Built FSC.Scalar.RowLoss (3.5s)
✔ [3302/3321] Built Mathlib.Tactic.ArithMult.Init (297ms)
✔ [3303/3322] Built FSC.Facet.PaddedNormals (1.5s)
✔ [3304/3322] Built Mathlib.Tactic.BDSimp (349ms)
✔ [3305/3322] Built FSC.Gaussian.ThresholdExpansion (2.4s)
✔ [3306/3323] Built FSC.Simplex.BaseCases (1.9s)
✔ [3307/3323] Built FSC.Compactness (1.5s)
✔ [3308/3323] Built Mathlib.Tactic.ArithMult (393ms)
✔ [3309/3323] Built Mathlib.Tactic.CancelDenoms (494ms)
✔ [3310/3323] Built FSC.Facet.Compatibility (1.7s)
✔ [3311/3323] Built FSC.Minimizers.FiniteDirections (1.5s)
✔ [3312/3323] Built Mathlib.Analysis.CStarAlgebra.ContinuousFunctionalCalculus.Order (8.8s)
✔ [3313/3323] Built FSC.Gaussian.Replacement (1.7s)
✔ [3314/3323] Built FSC.Simplex.Recursion (2.5s)
✔ [3315/3324] Built Mathlib.Tactic.Cases (820ms)
✔ [3316/3328] Built Mathlib.CategoryTheory.Category.Init (307ms)
✔ [3317/3332] Built Mathlib.Data.Opposite (390ms)
✔ [3318/3337] Built Mathlib.Combinatorics.Quiver.Basic (478ms)
✔ [3319/3337] Built FSC.Minimizers.Exclusions (1.6s)
✔ [3320/3337] Built Mathlib.Tactic.CategoryTheory.CategoryStar (336ms)
✔ [3321/3337] Built Mathlib.Combinatorics.Quiver.Prefunctor (541ms)
✔ [3322/3337] Built Mathlib.CategoryTheory.Category.Basic (1.4s)
✔ [3323/3337] Built Mathlib.CategoryTheory.Functor.Basic (803ms)
✔ [3324/3339] Built FSC.Minimizers.SlopeRigidity (1.0s)
✔ [3325/3341] Built Mathlib.Tactic.CategoryTheory.Reassoc (680ms)
✔ [3326/3341] Built Mathlib.Tactic.CategoryTheory.Coherence.Datatypes (663ms)
✔ [3327/3341] Built FSC.Comparison (1.4s)
✔ [3328/3341] Built Mathlib.CategoryTheory.NatTrans (665ms)
✔ [3329/3343] Built Mathlib.CategoryTheory.Iso (1.6s)
✔ [3330/3345] Built FSC.Equality (1.3s)
✔ [3331/3345] Built Mathlib.Tactic.CategoryTheory.Coherence.Normalize (2.7s)
✔ [3332/3345] Built Mathlib.CategoryTheory.Functor.Category (1.9s)
✔ [3333/3345] Built FSC.Main (1.4s)
✔ [3334/3345] Built Mathlib.Tactic.CategoryTheory.Coherence.PureCoherence (3.6s)
✔ [3335/3345] Built FSC (1.2s)
✔ [3337/3345] Built Mathlib.CategoryTheory.NatIso (2.1s)
✔ [3338/3346] Built Mathlib.Tactic.CategoryTheory.Coherence.Basic (762ms)
✔ [3339/3349] Built Mathlib.CategoryTheory.Functor.FullyFaithful (1.1s)
✔ [3340/3349] Built Mathlib.CategoryTheory.InducedCategory (626ms)
✔ [3341/3351] Built Mathlib.CategoryTheory.Bicategory.Basic (3.1s)
✔ [3342/3351] Built Mathlib.CategoryTheory.ObjectProperty.Basic (629ms)
✔ [3343/3351] Built Mathlib.Tactic.CategoryTheory.IsoReassoc (511ms)
✔ [3344/3353] Built Mathlib.Tactic.CategoryTheory.BicategoricalComp (755ms)
✔ [3345/3358] Built Mathlib.CategoryTheory.ObjectProperty.FullSubcategory (811ms)
✔ [3346/3358] Built Mathlib.Tactic.CategoryTheory.Bicategory.Datatypes (2.1s)
✔ [3347/3358] Built Mathlib.CategoryTheory.ObjectProperty.ClosedUnderIsomorphisms (533ms)
✔ [3348/3358] Built Mathlib.Tactic.CategoryTheory.Slice (647ms)
✔ [3349/3358] Built Mathlib.CategoryTheory.Whiskering (4.8s)
✔ [3350/3358] Built Mathlib.Tactic.CategoryTheory.Bicategory.PureCoherence (1.8s)
✔ [3351/3359] Built Mathlib.CategoryTheory.EssentialImage (747ms)
✔ [3352/3360] Built Mathlib.Tactic.CategoryTheory.Bicategory.Normalize (2.1s)
✔ [3353/3360] Built Mathlib.Tactic.CategoryTheory.Bicategory.Basic (2.1s)
✔ [3354/3363] Built Mathlib.CategoryTheory.ConcreteCategory.Bundled (303ms)
✔ [3355/3363] Built Mathlib.CategoryTheory.Equivalence (3.6s)
✔ [3356/3363] Built Mathlib.CategoryTheory.ConcreteCategory.Basic (740ms)
✔ [3357/3363] Built Mathlib.Tactic.CategoryTheory.Elementwise (886ms)
✔ [3358/3367] Built Mathlib.CategoryTheory.Elementwise (502ms)
✔ [3359/3368] Built Mathlib.Logic.Lemmas (445ms)
✔ [3360/3368] Built Mathlib.Combinatorics.Quiver.Push (409ms)
✔ [3361/3368] Built Mathlib.Combinatorics.Quiver.Path (789ms)
✔ [3362/3368] Built Mathlib.CategoryTheory.Functor.ReflectsIso.Basic (536ms)
✔ [3363/3368] Built Mathlib.CategoryTheory.Opposites (3.7s)
✔ [3364/3370] Built Mathlib.Combinatorics.Quiver.Symmetric (589ms)
✔ [3365/3382] Built Mathlib.CategoryTheory.EqToHom (1.1s)
✔ [3366/3386] Built Mathlib.CategoryTheory.Functor.Const (947ms)
✔ [3367/3387] Built Mathlib.CategoryTheory.Bicategory.Strict.Basic (533ms)
✔ [3368/3388] Built Mathlib.CategoryTheory.Bicategory.Functor.Prelax (1.1s)
✔ [3369/3388] Built Mathlib.Tactic.CategoryTheory.CancelIso (652ms)
✔ [3370/3390] Built Mathlib.Tactic.CategoryTheory.CheckCompositions (660ms)
✔ [3371/3390] Built Mathlib.CategoryTheory.Products.Basic (2.5s)
✔ [3372/3390] Built Mathlib.CategoryTheory.Functor.Trifunctor (1.8s)
✔ [3373/3396] Built Mathlib.CategoryTheory.Pi.Basic (2.6s)
✔ [3374/3398] Built Mathlib.CategoryTheory.Discrete.Basic (1.5s)
✔ [3375/3398] Built Mathlib.CategoryTheory.Products.Unitor (618ms)
✔ [3376/3398] Built Mathlib.CategoryTheory.Monoidal.Category (4.8s)
✔ [3377/3402] Built Mathlib.Tactic.CategoryTheory.MonoidalComp (737ms)
✔ [3378/3403] Built Mathlib.Tactic.CategoryTheory.Monoidal.Datatypes (2.2s)
✔ [3379/3403] Built Mathlib.CategoryTheory.Comma.Basic (5.2s)
✔ [3380/3404] Built Mathlib.Tactic.CategoryTheory.Monoidal.PureCoherence (1.8s)
✔ [3381/3404] Built Mathlib.Tactic.Change (404ms)
✔ [3382/3404] Built Mathlib.Tactic.CategoryTheory.Monoidal.Normalize (2.4s)
✔ [3383/3404] Built Mathlib.Tactic.Clean (336ms)
✔ [3384/3404] Built Mathlib.CategoryTheory.Comma.Arrow (1.5s)
✔ [3385/3404] Built Mathlib.CategoryTheory.MorphismProperty.Basic (1.5s)
✔ [3386/3410] Built Mathlib.Tactic.CategoryTheory.Monoidal.Basic (2.3s)
✔ [3387/3412] Built Mathlib.CategoryTheory.Groupoid (970ms)
✔ [3388/3412] Built ProofWidgets.Component.Panel.Basic (394ms)
✔ [3389/3415] Built ProofWidgets.Component.RefreshComponent (564ms)
✔ [3390/3417] Built Mathlib.CategoryTheory.EpiMono (1.0s)
✔ [3391/3417] Built Mathlib.Lean.FoldEnvironment (443ms)
✔ [3392/3418] Built Mathlib.Tactic.ClickSuggestions.Util (1.7s)
✔ [3393/3418] Built Mathlib.CategoryTheory.Types.Basic (1.2s)
✔ [3394/3418] Built Mathlib.Tactic.ClickSuggestions.Unfold (565ms)
✔ [3395/3418] Built Mathlib.Tactic.ClickSuggestions.SectionState (543ms)
✔ [3396/3418] Built Mathlib.CategoryTheory.Functor.Hom (657ms)
✔ [3397/3418] Built Mathlib.Tactic.ComputeAsymptotics.Lemmas (897ms)
✔ [3398/3418] Built Mathlib.Tactic.ClickSuggestions.ApplyAt (623ms)
✔ [3399/3418] Built Mathlib.Tactic.ClickSuggestions.Apply (647ms)
✔ [3400/3418] Built Mathlib.CategoryTheory.Category.Cat (2.1s)
✔ [3401/3418] Built Mathlib.Tactic.ClickSuggestions.GRewrite (1.5s)
✔ [3402/3418] Built Mathlib.Tactic.ClickSuggestions.Rewrite (1.2s)
✔ [3403/3418] Built Mathlib.Tactic.CategoryTheory.ToApp (972ms)
✔ [3404/3418] Built Mathlib.Tactic.ClickSuggestions.FindPremises (1.1s)
✔ [3405/3418] Built Mathlib.CategoryTheory.Bicategory.Functor.Oplax (2.5s)
✔ [3406/3418] Built Mathlib.CategoryTheory.Yoneda (6.9s)
✔ [3407/3422] Built Mathlib.CategoryTheory.Bicategory.Functor.Lax (2.8s)
✔ [3408/3424] Built Mathlib.Tactic.ClickSuggestions.TryPremises (1.3s)
✔ [3409/3424] Built Mathlib.CategoryTheory.Adjunction.Basic (3.8s)
✔ [3410/3427] Built Mathlib.Data.Stream.Defs (536ms)
✔ [3411/3427] Built Mathlib.CategoryTheory.Bicategory.Functor.Pseudofunctor (4.4s)
✔ [3412/3427] Built Mathlib.Tactic.ClickSuggestions (865ms)
✔ [3413/3427] Built Mathlib.Tactic.ENatToNat (745ms)
✔ [3414/3427] Built Mathlib.CategoryTheory.Adjunction.FullyFaithful (1.2s)
✔ [3415/3427] Built Mathlib.Data.Stream.Init (1.0s)
✔ [3416/3427] Built Mathlib.Tactic.ComputeAsymptotics.Multiseries.Majorized (988ms)
✔ [3417/3430] Built Mathlib.CategoryTheory.Bicategory.Free (3.7s)
✔ [3418/3430] Built Mathlib.Data.Seq.Computation (1.4s)
✔ [3419/3430] Built Mathlib.Tactic.CategoryTheory.BicategoryCoherence (951ms)
✔ [3420/3430] Built Mathlib.Dynamics.FixedPoints.Topology (579ms)
✔ [3421/3432] Built Mathlib.Data.Seq.Defs (1.0s)
✔ [3422/3433] Built Mathlib.CategoryTheory.Monoidal.Functor (8.0s)
✔ [3423/3433] Built Mathlib.Topology.MetricSpace.Contracting (1.2s)
✔ [3424/3433] Built Mathlib.Tactic.ComputeAsymptotics.Multiseries.Monomial.Predicates (734ms)
✔ [3425/3434] Built Mathlib.Data.Seq.Basic (1.3s)
✔ [3426/3434] Built Mathlib.CategoryTheory.Monoidal.Free.Basic (2.2s)
✔ [3427/3434] Built Mathlib.Tactic.ComputeAsymptotics.Multiseries.Corecursion (2.3s)
✔ [3428/3434] Built Mathlib.Tactic.DeriveCountable (1.1s)
✔ [3429/3434] Built Mathlib.Tactic.DeriveEncodable (1.7s)
✔ [3430/3437] Built Mathlib.Tactic.CategoryTheory.Coherence (1.4s)
✔ [3431/3437] Built Mathlib.Tactic.ComputeAsymptotics.Multiseries.Defs (3.5s)
✔ [3432/3438] Built Mathlib.Control.Traversable.Lemmas (393ms)
✔ [3433/3438] Built Mathlib.Tactic.Eval (320ms)
✔ [3434/3440] Built Mathlib.Tactic.ComputeAsymptotics.Multiseries.Basis (1.2s)
✔ [3435/3440] Built Mathlib.Tactic.DeriveTraversable (1.4s)
✔ [3436/3441] Built Mathlib.Tactic.Explode.Datatypes (339ms)
✔ [3437/3442] Built Mathlib.Tactic.Explode.Pretty (336ms)
✔ [3438/3442] Built Mathlib.Tactic.Ext (270ms)
✔ [3439/3443] Built Mathlib.Tactic.ComputeAsymptotics.Multiseries.Monomial.Basic (1.3s)
✔ [3440/3444] Built Mathlib.Tactic.Explode (734ms)
✔ [3441/3445] Built Mathlib.Tactic.Generalize (361ms)
✔ [3442/3446] Built Mathlib.Tactic.FindSyntax (539ms)
✔ [3443/3446] Built Mathlib.Tactic.Have (588ms)
✔ [3444/3449] Built Mathlib.Tactic.Linarith.NNRealPreprocessor (814ms)
✔ [3445/3450] Built Batteries.Lean.HashMap (172ms)
✔ [3446/3450] Built Mathlib.Tactic.ITauto (1.6s)
✔ [3447/3451] Built Mathlib.Tactic.Linarith.Oracle.FourierMotzkin (767ms)
✔ [3448/3452] Built Mathlib.Tactic.Linter.CommandRanges (322ms)
✔ [3449/3453] Built Mathlib.Tactic.LinearCombinationPrime (1.3s)
✔ [3450/3453] Built Mathlib.Tactic.Linter.CommandStart (200ms)
✔ [3451/3456] Built Mathlib.Tactic.Linter.DeprecatedModule (262ms)
✔ [3452/3458] Built Batteries.Data.Array.Match (438ms)
✔ [3453/3459] Built Mathlib.Tactic.Linter.FindDeprecations (706ms)
✔ [3454/3460] Built Batteries.Data.String.Basic (196ms)
✔ [3455/3460] Built Batteries.Data.String.Matcher (193ms)
✔ [3456/3461] Built Mathlib.Tactic.Linter.TextBased.UnicodeLinter (796ms)
✔ [3457/3463] Built Mathlib.Tactic.ModCases (814ms)
✔ [3458/3463] Built Mathlib.Tactic.Linter.ValidatePRTitle (830ms)
✔ [3459/3464] Built Mathlib.Tactic.Linter.TextBased (1.4s)
✔ [3460/3464] Built Mathlib.Tactic.Monotonicity.Basic (414ms)
✔ [3461/3464] Built Mathlib.Tactic.Monotonicity.Lemmas (396ms)
✔ [3462/3468] Built Mathlib.Tactic.Monotonicity (389ms)
✔ [3463/3469] Built Mathlib.Tactic.MoveAdd (832ms)
✔ [3464/3470] Built Mathlib.Data.Nat.Prime.Int (535ms)
✔ [3465/3470] Built Mathlib.Data.Rat.Sqrt (536ms)
✔ [3466/3470] Built Mathlib.Tactic.NormNum.IsCoprime (755ms)
✔ [3467/3473] Built Mathlib.NumberTheory.Real.Irrational (1.3s)
✔ [3468/3473] Built Mathlib.Tactic.NormNum.IsSquare (1.8s)
✔ [3469/3473] Built Mathlib.Data.Int.Range (427ms)
✔ [3470/3478] Built Mathlib.Tactic.NormNum.Irrational (2.0s)
✔ [3471/3478] Built Mathlib.NumberTheory.MulChar.Basic (1.8s)
✔ [3472/3478] Built Mathlib.Algebra.Field.ZMod (647ms)
✔ [3473/3478] Built Mathlib.Data.ZMod.ValMinAbs (936ms)
✔ [3474/3480] Built Mathlib.NumberTheory.LegendreSymbol.ZModChar (1.1s)
✔ [3475/3480] Built Mathlib.Data.Nat.Factorization.PrimePow (757ms)
✔ [3476/3482] Built Mathlib.Data.PNat.Prime (717ms)
✔ [3477/3483] Built Mathlib.FieldTheory.Finite.Basic (2.4s)
✔ [3478/3484] Built Mathlib.FieldTheory.RatFunc.Defs (1.1s)
✔ [3479/3484] Built Mathlib.NumberTheory.LegendreSymbol.QuadraticChar.Basic (1.2s)
✔ [3480/3484] Built Mathlib.Algebra.Order.Ring.IsNonarchimedean (1.3s)
✔ [3481/3484] Built Mathlib.Data.Int.WithZero (712ms)
✔ [3482/3487] Built Mathlib.NumberTheory.LegendreSymbol.Basic (1.0s)
✔ [3483/3488] Built Mathlib.RingTheory.TwoSidedIdeal.Operations (1.4s)
✔ [3484/3490] Built Mathlib.RingTheory.Jacobson.Radical (1.5s)
✔ [3485/3490] Built Mathlib.RingTheory.LocalRing.MaximalIdeal.Defs (687ms)
✔ [3486/3491] Built Mathlib.RingTheory.Jacobson.Ideal (1.4s)
✔ [3487/3494] Built Mathlib.RingTheory.Spectrum.Maximal.Defs (612ms)
✔ [3488/3494] Built Mathlib.FieldTheory.RatFunc.Basic (8.7s)
✔ [3489/3494] Built Mathlib.RingTheory.Ideal.MinimalPrime.Basic (946ms)
✔ [3490/3497] Built Mathlib.RingTheory.LocalRing.MaximalIdeal.Basic (828ms)
✔ [3491/3497] Built Mathlib.RingTheory.Ideal.Quotient.Nilpotent (1.0s)
✔ [3492/3497] Built Mathlib.RingTheory.Spectrum.Prime.Basic (1.5s)
✔ [3493/3497] Built Mathlib.Order.KrullDimension (3.1s)
✔ [3494/3502] Built Mathlib.RingTheory.KrullDimension.Basic (911ms)
✔ [3495/3504] Built Mathlib.RingTheory.Localization.NumDen (894ms)
✔ [3496/3504] Built Mathlib.RingTheory.Ideal.Quotient.PowTransition (1.5s)
✔ [3497/3504] Built Mathlib.RingTheory.Localization.AtPrime.Basic (9.0s)
✔ [3498/3505] Built Mathlib.RingTheory.Localization.LocalizationLocalization (1.5s)
✔ [3499/3505] Built Mathlib.RingTheory.AdicCompletion.Basic (6.5s)
✔ [3500/3506] Built Mathlib.RingTheory.Ideal.GoingUp (1.0s)
✔ [3501/3507] Built Mathlib.RingTheory.IntegralClosure.IntegrallyClosed (2.0s)
✔ [3502/3511] Built Mathlib.Data.SetLike.Fintype (555ms)
✔ [3503/3511] Built Mathlib.RingTheory.Artinian.Defs (553ms)
✔ [3504/3512] Built Mathlib.RingTheory.Jacobson.Semiprimary (885ms)
✔ [3505/3512] Built Mathlib.RingTheory.Polynomial.RationalRoot (1.2s)
✔ [3506/3512] Built Mathlib.RingTheory.Spectrum.Maximal.Basic (707ms)
✔ [3507/3512] Built Mathlib.RingTheory.LocalRing.RingHom.Basic (918ms)
✔ [3508/3518] Built Mathlib.RingTheory.DedekindDomain.Basic (1.0s)
✔ [3509/3518] Built Mathlib.Algebra.GroupWithZero.Submonoid.Instances (659ms)
✔ [3510/3518] Built Mathlib.Algebra.Order.GroupWithZero.WithZero (733ms)
✔ [3511/3519] Built Mathlib.RingTheory.Artinian.Module (2.5s)
✔ [3512/3522] Built Mathlib.Algebra.GroupWithZero.Range (1.5s)
✔ [3513/3522] Built Mathlib.RingTheory.FiniteLength (1.0s)
✔ [3514/3522] Built Mathlib.RingTheory.Bezout (761ms)
✔ [3515/3522] Built Mathlib.Algebra.Order.GroupWithZero.Range (857ms)
✔ [3516/3525] Built Mathlib.RingTheory.Length (1.6s)
✔ [3517/3527] Built Mathlib.GroupTheory.PGroup (1.2s)
✔ [3518/3529] Built Mathlib.GroupTheory.Sylow (2.5s)
✔ [3519/3529] Built Mathlib.GroupTheory.Rank (908ms)
✔ [3520/3529] Built Mathlib.RingTheory.Valuation.Basic (7.2s)
✔ [3521/3529] Built Mathlib.Algebra.Module.ZMod (1.2s)
✔ [3522/3530] Built Mathlib.RingTheory.Coprime.Ideal (1.2s)
✔ [3523/3530] Built Mathlib.GroupTheory.Torsion (2.1s)
✔ [3524/3532] Built Mathlib.RingTheory.Valuation.PrimeMultiplicity (694ms)
✔ [3525/3532] Built Mathlib.RingTheory.Valuation.Integers (2.4s)
✔ [3526/3532] Built Mathlib.RingTheory.Finiteness.Nakayama (991ms)
✔ [3527/3532] Built Mathlib.RingTheory.ReesAlgebra (1.0s)
✔ [3528/3534] Built Mathlib.RingTheory.Valuation.ValuationRing (2.1s)
✔ [3529/3536] Built Mathlib.Algebra.Module.Torsion.Basic (4.6s)
✔ [3530/3536] Built Mathlib.RingTheory.Filtration (2.3s)
✔ [3531/3536] Built Mathlib.RingTheory.DiscreteValuationRing.Basic (1.8s)
✔ [3532/3536] Built Mathlib.RingTheory.LocalRing.ResidueField.Defs (808ms)
✔ [3533/3538] Built Mathlib.RingTheory.Nakayama (1.8s)
✔ [3534/3539] Built Mathlib.RingTheory.LocalRing.ResidueField.Basic (1.8s)
✔ [3535/3540] Built Mathlib.RingTheory.Jacobson.Polynomial (944ms)
✔ [3536/3540] Built Mathlib.Algebra.Order.Ring.Idempotent (1.1s)
✔ [3537/3541] Built Mathlib.RingTheory.Ideal.Cotangent (3.9s)
✔ [3538/3541] Built Mathlib.RingTheory.Jacobson.Ring (2.5s)
✔ [3539/3542] Built Mathlib.Order.Heyting.Hom (1.4s)
✔ [3540/3546] Built Mathlib.RingTheory.Ideal.MinimalPrime.Localization (1.2s)
✔ [3541/3547] Built Mathlib.RingTheory.Localization.AsSubring (1.4s)
✔ [3542/3548] Built Mathlib.RingTheory.SurjectiveOnStalks (1.8s)
✔ [3543/3550] Built Mathlib.Order.BooleanSubalgebra (3.4s)
✔ [3544/3551] Built Mathlib.Topology.Sets.OpenCover (702ms)
✔ [3545/3551] Built Mathlib.RingTheory.LocalRing.ResidueField.Ideal (3.4s)
✔ [3546/3551] Built Mathlib.Topology.LocallyClosed (751ms)
✔ [3547/3554] Built Mathlib.Topology.Spectral.Hom (750ms)
✔ [3548/3554] Built Mathlib.Topology.LocalAtTarget (1.2s)
✔ [3549/3556] Built Mathlib.RingTheory.Spectrum.Prime.RingHom (2.2s)
✔ [3550/3560] Built Mathlib.Order.Ideal (1.5s)
✔ [3551/3560] Built Mathlib.Topology.Sober (996ms)
✔ [3552/3560] Built Mathlib.RingTheory.Spectrum.Maximal.Localization (1.8s)
✔ [3553/3562] Built Mathlib.Topology.KrullDimension (701ms)
✔ [3554/3562] Built Mathlib.Topology.Spectral.Prespectral (1.0s)
✔ [3555/3562] Built Mathlib.RingTheory.Localization.Submodule (1.3s)
✔ [3556/3562] Built Mathlib.Topology.Spectral.Basic (605ms)
✔ [3557/3567] Built Mathlib.RingTheory.LocalProperties.Submodule (1.8s)
✔ [3558/3567] Built Mathlib.CategoryTheory.ConcreteCategory.Forget (882ms)
✔ [3559/3567] Built Mathlib.Topology.Constructible (1.5s)
✔ [3560/3567] Built Mathlib.CategoryTheory.Endomorphism (885ms)
✔ [3561/3569] Built Mathlib.Algebra.Category.MonCat.Basic (2.8s)
✔ [3562/3569] Built Mathlib.RingTheory.Spectrum.Prime.Topology (3.8s)
✔ [3563/3569] Built Mathlib.Algebra.Category.Grp.Basic (3.1s)
✔ [3564/3570] Built Mathlib.RingTheory.KrullDimension.Zero (1.1s)
✔ [3565/3570] Built Mathlib.Algebra.Category.Ring.Basic (2.9s)
✔ [3566/3570] Built Mathlib.RingTheory.DiscreteValuationRing.TFAE (2.0s)
✔ [3567/3572] Built Mathlib.CategoryTheory.Category.ULift (970ms)
✔ [3568/3575] Built Mathlib.CategoryTheory.Limits.Cones (9.2s)
✔ [3569/3575] Built Mathlib.CategoryTheory.Category.Preorder (911ms)
✔ [3570/3575] Built Mathlib.CategoryTheory.IsomorphismClasses (631ms)
✔ [3571/3575] Built Mathlib.CategoryTheory.Thin (562ms)
✔ [3572/3576] Built Mathlib.CategoryTheory.Skeletal (1.3s)
✔ [3573/3576] Built Mathlib.CategoryTheory.EssentiallySmall (947ms)
✔ [3574/3580] Built Mathlib.CategoryTheory.Balanced (543ms)
✔ [3575/3584] Built Mathlib.CategoryTheory.Limits.IsLimit (4.6s)
✔ [3576/3585] Built Mathlib.CategoryTheory.CommSq (1.0s)
✔ [3577/3585] Built Mathlib.CategoryTheory.Retract (1.0s)
✔ [3578/3590] Built Mathlib.Algebra.Category.Ring.Instances (931ms)
✔ [3579/3590] Built Mathlib.CategoryTheory.PEmpty (520ms)
✔ [3580/3591] Built Mathlib.CategoryTheory.LiftingProperties.Basic (779ms)
✔ [3581/3591] Built Mathlib.CategoryTheory.LiftingProperties.Adjunction (794ms)
✔ [3582/3591] Built Mathlib.CategoryTheory.Limits.Shapes.StrongEpi (637ms)
✔ [3583/3602] Built Mathlib.CategoryTheory.Functor.EpiMono (901ms)
✔ [3584/3602] Built Mathlib.CategoryTheory.Limits.Shapes.IsTerminal (2.4s)
✔ [3585/3604] Built Mathlib.CategoryTheory.PUnit (816ms)
✔ [3586/3611] Built Mathlib.CategoryTheory.Limits.HasLimits (4.0s)
✔ [3587/3611] Built Mathlib.CategoryTheory.MorphismProperty.Factorization (1.4s)
✔ [3588/3612] Built Mathlib.CategoryTheory.Limits.Shapes.WidePullbacks (4.1s)
✔ [3589/3612] Built Mathlib.CategoryTheory.Comma.StructuredArrow.Basic (10s)
✔ [3590/3612] Built Mathlib.CategoryTheory.Limits.Shapes.Terminal (1.5s)
✔ [3591/3612] Built Mathlib.CategoryTheory.Limits.Preserves.Basic (1.4s)
✔ [3592/3612] Built Mathlib.Algebra.Category.Ring.Colimits (2.1s)
✔ [3593/3612] Built Mathlib.Algebra.Category.MonCat.ForgetCorepresentable (673ms)
✔ [3594/3612] Built Mathlib.CategoryTheory.Limits.Shapes.Products (7.3s)
✔ [3595/3612] Built Mathlib.CategoryTheory.Limits.Shapes.ZeroObjects (794ms)
✔ [3596/3615] Built Mathlib.CategoryTheory.Limits.Preserves.Shapes.Terminal (791ms)
✔ [3597/3616] Built Mathlib.CategoryTheory.Limits.Creates (1.9s)
✔ [3598/3616] Built Mathlib.CategoryTheory.Limits.Types.Limits (1.2s)
✔ [3599/3616] Built Mathlib.CategoryTheory.ConcreteCategory.ReflectsIso (604ms)
✔ [3600/3619] Built Mathlib.Algebra.Category.MonCat.Limits (3.2s)
✔ [3601/3619] Built Mathlib.CategoryTheory.Limits.Types.ColimitType (1.1s)
✔ [3602/3619] Built Mathlib.CategoryTheory.Comma.Over.Basic (13s)
✔ [3603/3624] Built Mathlib.CategoryTheory.Limits.Types.Colimits (1.1s)
✔ [3604/3624] Built Mathlib.CategoryTheory.FinCategory.Basic (602ms)
✔ [3605/3627] Built Mathlib.CategoryTheory.FinCategory.AsType (806ms)
✔ [3606/3628] Built Mathlib.CategoryTheory.Functor.Currying (2.5s)
✔ [3607/3629] Built Mathlib.CategoryTheory.Limits.Preserves.Limits (949ms)
✔ [3608/3629] Built Mathlib.CategoryTheory.Limits.Shapes.BinaryProducts (6.0s)
✔ [3609/3633] Built Mathlib.CategoryTheory.Limits.Types.Yoneda (2.2s)
✔ [3610/3633] Built Mathlib.CategoryTheory.Limits.Preserves.Ulift (625ms)
✔ [3611/3635] Built Mathlib.CategoryTheory.Limits.FunctorCategory.Basic (3.2s)
✔ [3612/3636] Built Mathlib.CategoryTheory.Limits.Shapes.Pullback.Cospan (1.0s)
✔ [3613/3636] Built Mathlib.Algebra.Ring.Shrink (571ms)
✔ [3614/3636] Built Mathlib.CategoryTheory.ShrinkYoneda (2.0s)
✔ [3615/3636] Built Mathlib.CategoryTheory.Limits.Shapes.StrictInitial (782ms)
✔ [3616/3636] Built Mathlib.CategoryTheory.Limits.Shapes.Pullback.PullbackCone (1.8s)
✔ [3617/3646] Built Mathlib.CategoryTheory.Limits.Yoneda (1.2s)
✔ [3618/3647] Built Mathlib.CategoryTheory.Category.Cat.AsSmall (542ms)
✔ [3619/3647] Built Mathlib.CategoryTheory.IsConnected (1.1s)
✔ [3620/3647] Built Mathlib.CategoryTheory.Limits.Shapes.Pullback.HasPullback (2.8s)
✔ [3621/3651] Built Mathlib.CategoryTheory.Limits.Types.Products (1.2s)
✔ [3622/3651] Built Mathlib.CategoryTheory.Limits.Shapes.Pullback.Pasting (2.6s)
✔ [3623/3652] Built Mathlib.CategoryTheory.Limits.Shapes.Pullback.Iso (1.1s)
✔ [3624/3652] Built Mathlib.CategoryTheory.Limits.Shapes.Equalizers (4.0s)
✔ [3625/3653] Built Mathlib.CategoryTheory.Limits.Shapes.Pullback.Mono (1.4s)
✔ [3626/3653] Built Mathlib.CategoryTheory.Limits.Connected (887ms)
✔ [3627/3653] Built Mathlib.CategoryTheory.Elements (3.6s)
✔ [3628/3653] Built Mathlib.CategoryTheory.Limits.Shapes.FiniteLimits (720ms)
✔ [3629/3653] Built Mathlib.CategoryTheory.Limits.Shapes.Images (2.8s)
✔ [3630/3653] Built Mathlib.CategoryTheory.Limits.Opposites (1.7s)
✔ [3631/3654] Built Mathlib.CategoryTheory.Grothendieck (4.6s)
✔ [3632/3654] Built Mathlib.CategoryTheory.Filtered.Basic (1.5s)
✔ [3633/3654] Built Mathlib.CategoryTheory.Limits.Types.Images (756ms)
✔ [3634/3656] Built Mathlib.CategoryTheory.Limits.Shapes.ZeroMorphisms (1.9s)
✔ [3635/3656] Built Mathlib.CategoryTheory.Limits.Shapes.Opposites.Pullbacks (2.5s)
✔ [3636/3656] Built Mathlib.CategoryTheory.Functor.TwoSquare (1.2s)
✔ [3637/3656] Built Mathlib.CategoryTheory.Limits.Shapes.Grothendieck (2.0s)
✔ [3638/3656] Built Mathlib.CategoryTheory.Filtered.Connected (547ms)
✔ [3639/3656] Built Mathlib.CategoryTheory.Limits.Preserves.Shapes.Zero (897ms)
✔ [3640/3656] Built Mathlib.CategoryTheory.Limits.Types.Filtered (1.2s)
✔ [3641/3656] Built Mathlib.CategoryTheory.HomCongr (648ms)
✔ [3642/3656] Built Mathlib.CategoryTheory.Limits.Preserves.Shapes.Pullbacks (1.7s)
✔ [3643/3660] Built Mathlib.CategoryTheory.Limits.Shapes.Pullback.IsPullback.Defs (1.2s)
✔ [3644/3660] Built Mathlib.CategoryTheory.Limits.Final (4.4s)
✔ [3645/3660] Built Mathlib.CategoryTheory.Limits.Shapes.Kernels (4.9s)
✔ [3646/3660] Built Mathlib.CategoryTheory.Limits.ConcreteCategory.Basic (871ms)
✔ [3647/3660] Built Mathlib.CategoryTheory.Limits.Constructions.BinaryProducts (1.1s)
✔ [3648/3660] Built Mathlib.CategoryTheory.Adjunction.Mates (2.6s)
✔ [3649/3660] Built Mathlib.CategoryTheory.Monad.Basic (2.1s)
✔ [3650/3661] Built Mathlib.CategoryTheory.Preadditive.Basic (1.7s)
✔ [3651/3661] Built Mathlib.CategoryTheory.Limits.Shapes.Pullback.IsPullback.Basic (1.5s)
✔ [3652/3662] Built Mathlib.Algebra.Category.Grp.Preadditive (1.0s)
✔ [3653/3662] Built Mathlib.CategoryTheory.Monad.Algebra (2.2s)
✔ [3654/3665] Built Mathlib.CategoryTheory.EffectiveEpi.Basic (963ms)
✔ [3655/3665] Built Mathlib.Algebra.Category.Grp.ForgetCorepresentable (804ms)
✔ [3656/3672] Built Mathlib.CategoryTheory.Limits.Shapes.Opposites.Equalizers (1.9s)
✔ [3657/3672] Built Mathlib.CategoryTheory.Monad.Products (1.5s)
✔ [3658/3672] Built Mathlib.CategoryTheory.MorphismProperty.Composition (1.1s)
✔ [3659/3672] Built Mathlib.CategoryTheory.Limits.Shapes.Pullback.Assoc (3.1s)
✔ [3660/3672] Built Mathlib.Algebra.Category.Grp.Limits (4.6s)
✔ [3661/3673] Built Mathlib.CategoryTheory.Limits.Shapes.RegularMono (1.0s)
✔ [3662/3673] Built Mathlib.CategoryTheory.Comma.Over.Pullback (3.2s)
✔ [3663/3673] Built Mathlib.CategoryTheory.Limits.Shapes.KernelPair (953ms)
✔ [3664/3673] Built Mathlib.RingTheory.ChainOfDivisors (1.3s)
✔ [3665/3673] Built Mathlib.CategoryTheory.Limits.Shapes.Diagonal (4.4s)
✔ [3666/3676] Built Mathlib.Algebra.Category.Ring.Limits (8.7s)
✔ [3667/3676] Built Mathlib.CategoryTheory.MorphismProperty.Limits (2.6s)
✔ [3668/3676] Built Mathlib.Algebra.Ring.Subsemiring.Pointwise (904ms)
✔ [3669/3681] Built Mathlib.Algebra.Ring.Subring.Pointwise (982ms)
✔ [3670/3682] Built Mathlib.Algebra.Algebra.Subalgebra.Pointwise (816ms)
✔ [3671/3682] Built Mathlib.Algebra.Category.Ring.Constructions (4.5s)
✔ [3672/3682] Built Mathlib.RingTheory.Valuation.ExtendToLocalization (1.1s)
✔ [3673/3683] Built Mathlib.RingTheory.FractionalIdeal.Basic (2.5s)
✔ [3674/3684] Built Mathlib.RingTheory.RingHomProperties (1.3s)
✔ [3675/3684] Built Mathlib.Algebra.Field.TransferInstance (685ms)
✔ [3676/3684] Built Mathlib.RingTheory.LocalProperties.Basic (2.1s)
✔ [3677/3684] Built Mathlib.Algebra.Order.Hom.Units (438ms)
✔ [3678/3685] Built Mathlib.RingTheory.FractionalIdeal.Operations (4.6s)
✔ [3679/3685] Built Mathlib.RingTheory.LocalProperties.IntegrallyClosed (1.5s)
✔ [3680/3685] Built Mathlib.Algebra.CharZero.AddMonoidHom (498ms)
✔ [3681/3686] Built Mathlib.RingTheory.FractionalIdeal.Inverse (1.4s)
✔ [3682/3687] Built Mathlib.RingTheory.DedekindDomain.Dvr (1.1s)
✔ [3683/3687] Built Mathlib.LinearAlgebra.BilinearForm.DualLattice (1.7s)
✔ [3684/3687] Built Mathlib.RingTheory.DedekindDomain.Ideal.Basic (3.4s)
✔ [3685/3690] Built Mathlib.LinearAlgebra.FreeModule.PID (2.7s)
✔ [3686/3692] Built Mathlib.RingTheory.Polynomial.GaussLemma (1.3s)
✔ [3687/3692] Built Mathlib.FieldTheory.Minpoly.IsIntegrallyClosed (2.3s)
✔ [3688/3692] Built Mathlib.Data.Multiset.Fintype (1.4s)
✔ [3689/3693] Built Mathlib.RingTheory.DedekindDomain.Ideal.Lemmas (7.6s)
✔ [3690/3693] Built Mathlib.FieldTheory.Minpoly.MinpolyDiv (1.3s)
✔ [3691/3695] Built Mathlib.Algebra.CharP.IntermediateField (763ms)
✔ [3692/3698] Built Mathlib.FieldTheory.IsAlgClosed.AlgebraicClosure (2.6s)
✔ [3693/3698] Built Mathlib.RingTheory.AlgebraicIndependent.Defs (1.1s)
✔ [3694/3698] Built Mathlib.Combinatorics.Matroid.Init (314ms)
✔ [3695/3698] Built Mathlib.Combinatorics.Matroid.Basic (1.7s)
✔ [3696/3709] Built Mathlib.RingTheory.AlgebraicIndependent.Adjoin (2.3s)
✔ [3697/3710] Built Mathlib.RingTheory.Algebraic.MvPolynomial (1.4s)
✔ [3698/3717] Built Mathlib.Algebra.MvPolynomial.Monad (1.4s)
✔ [3699/3718] Built Mathlib.Combinatorics.Matroid.IndepAxioms (3.1s)
✔ [3700/3718] Built Mathlib.Data.DFinsupp.Small (570ms)
✔ [3701/3718] Built Mathlib.RingTheory.Polynomial.SeparableDegree (867ms)
✔ [3702/3718] Built Mathlib.Combinatorics.Matroid.Dual (1.2s)
✔ [3703/3722] Built Mathlib.FieldTheory.IsSepClosed (1.5s)
✔ [3704/3723] Built Mathlib.RingTheory.MvPolynomial.Basic (1.4s)
✔ [3705/3723] Built Mathlib.Combinatorics.Matroid.Minor.Restrict (1.9s)
✔ [3706/3723] Built Mathlib.FieldTheory.AlgebraicClosure (1.5s)
✔ [3707/3723] Built Mathlib.LinearAlgebra.Matrix.Charpoly.Minpoly (1.0s)
✔ [3708/3725] Built Mathlib.RingTheory.AlgebraicIndependent.Basic (1.6s)
✔ [3709/3729] Built Mathlib.Combinatorics.Matroid.Constructions (804ms)
✔ [3710/3729] Built Mathlib.Data.Nat.Factorial.SuperFactorial (722ms)
✔ [3711/3729] Built Mathlib.RingTheory.AlgebraicIndependent.Transcendental (1.6s)
✔ [3712/3729] Built Mathlib.Combinatorics.Matroid.Map (1.3s)
✔ [3713/3730] Built Mathlib.RingTheory.Trace.Defs (1.4s)
✔ [3714/3730] Built Mathlib.LinearAlgebra.Vandermonde (1.9s)
✔ [3715/3730] Built Mathlib.RingTheory.AlgebraicIndependent.AlgebraicClosure (1.8s)
✔ [3716/3730] Built Mathlib.Combinatorics.Matroid.Closure (3.7s)
✔ [3717/3730] Built Mathlib.Combinatorics.Matroid.Circuit (1.6s)
✔ [3718/3730] Built Mathlib.Combinatorics.Matroid.Rank.Finite (683ms)
✔ [3719/3733] Built Mathlib.Combinatorics.Matroid.Loop (1.6s)
✔ [3720/3734] Built Mathlib.RingTheory.Valuation.ValuativeRel.Basic (7.4s)
✔ [3721/3736] Built Mathlib.Combinatorics.Matroid.Rank.ENat (1.3s)
✔ [3722/3736] Built Mathlib.Topology.Algebra.UniformFilterBasis (841ms)
✔ [3723/3738] Built Mathlib.Topology.Algebra.OpenSubgroup (2.3s)
✔ [3724/3738] Built Mathlib.Combinatorics.Matroid.Rank.Cardinal (1.1s)
✔ [3725/3740] Built Mathlib.Topology.Algebra.Nonarchimedean.Basic (1.0s)
✔ [3726/3740] Built Mathlib.Topology.Algebra.WithZeroTopology (932ms)
✔ [3727/3740] Built Mathlib.RingTheory.Valuation.ValuationSubring (4.4s)
✔ [3728/3741] Built Mathlib.Topology.Algebra.Nonarchimedean.Bases (1.1s)
✔ [3729/3741] Built Mathlib.RingTheory.AlgebraicIndependent.TranscendenceBasis (3.9s)
✔ [3730/3741] Built Mathlib.Algebra.Order.Group.Cyclic (933ms)
✔ [3731/3745] Built Mathlib.Topology.Algebra.Valued.ValuationTopology (3.7s)
✔ [3732/3745] Built Mathlib.FieldTheory.SeparableDegree (6.6s)
✔ [3733/3747] Built Mathlib.Topology.Algebra.ValuativeRel.ValuativeTopology (2.3s)
✔ [3734/3747] Built Mathlib.RingTheory.Ideal.Oka (731ms)
✔ [3735/3747] Built Mathlib.Topology.Algebra.Valued.ValuedField (8.3s)
✔ [3736/3747] Built Mathlib.RingTheory.Valuation.IsTrivialOn (1.0s)
✔ [3737/3747] Built Mathlib.RingTheory.PrincipalIdealDomainOfPrime (792ms)
✔ [3738/3753] Built Mathlib.RingTheory.Valuation.Discrete.Basic (2.9s)
✔ [3739/3754] Built Mathlib.RingTheory.UniqueFactorizationDomain.Nat (607ms)
✔ [3740/3757] Built Mathlib.Data.Nat.Squarefree (1.2s)
✔ [3741/3757] Built Mathlib.FieldTheory.SeparableClosure (7.4s)
✔ [3742/3757] Built Mathlib.RingTheory.Int.Basic (758ms)
✔ [3743/3757] Built Mathlib.NumberTheory.ArithmeticFunction.Defs (2.5s)
✔ [3744/3757] Built Mathlib.RingTheory.RootsOfUnity.PrimitiveRoots (2.3s)
✔ [3745/3757] Built Mathlib.RingTheory.RootsOfUnity.Complex (1.4s)
✔ [3746/3757] Built Mathlib.NumberTheory.ArithmeticFunction.Zeta (1.1s)
✔ [3747/3762] Built Mathlib.FieldTheory.PurelyInseparable.Basic (3.4s)
✔ [3748/3762] Built Mathlib.NumberTheory.ArithmeticFunction.Misc (1.5s)
✔ [3749/3762] Built Mathlib.RingTheory.Polynomial.Eisenstein.Criterion (1.2s)
✔ [3750/3762] Built Mathlib.NumberTheory.ArithmeticFunction.Moebius (1.2s)
✔ [3751/3763] Built Mathlib.RingTheory.Trace.Basic (3.1s)
✔ [3752/3764] Built Mathlib.RingTheory.Polynomial.Eisenstein.Basic (964ms)
✔ [3753/3764] Built Mathlib.RingTheory.DedekindDomain.IntegralClosure (1.4s)
✔ [3754/3768] Built Mathlib.Algebra.GCDMonoid.IntegrallyClosed (921ms)
✔ [3755/3768] Built Mathlib.FieldTheory.KrullTopology (1.0s)
✔ [3756/3769] Built Mathlib.FieldTheory.Galois.GaloisClosure (1.7s)
✔ [3757/3769] Built Mathlib.RingTheory.RootsOfUnity.Minpoly (1.2s)
✔ [3758/3769] Built Mathlib.NumberTheory.NumberField.Basic (2.9s)
✔ [3759/3769] Built Mathlib.Topology.Algebra.Group.ClosedSubgroup (922ms)
✔ [3760/3771] Built Mathlib.RingTheory.Adjoin.PowerBasis (1.8s)
✔ [3761/3771] Built Mathlib.FieldTheory.Galois.Infinite (2.5s)
✔ [3762/3772] Built Mathlib.Topology.Algebra.Valued.WithVal (5.2s)
✔ [3763/3772] Built Mathlib.RingTheory.Norm.Basic (1.3s)
✔ [3764/3772] Built Mathlib.FieldTheory.Galois.Abelian (1.1s)
✔ [3765/3772] Built Mathlib.RingTheory.Norm.Transitivity (2.0s)
✔ [3766/3778] Built Mathlib.NumberTheory.Padics.PadicVal.Basic (1.2s)
✔ [3767/3781] Built Mathlib.Analysis.Normed.Module.Ray (1.1s)
✔ [3768/3781] Built Mathlib.Analysis.Convex.StrictConvexSpace (1.3s)
✔ [3769/3781] Built Mathlib.Algebra.Algebra.ZMod (715ms)
✔ [3770/3783] Built Mathlib.Analysis.Convex.Uniform (1.4s)
✔ [3771/3785] Built Mathlib.RingTheory.DedekindDomain.AdicValuation (7.4s)
✔ [3772/3785] Built Mathlib.Analysis.InnerProductSpace.Convex (951ms)
✔ [3773/3786] Built Mathlib.FieldTheory.Finite.GaloisField (1.7s)
✔ [3774/3786] Built Mathlib.FieldTheory.RatFunc.AsPolynomial (2.1s)
✔ [3775/3792] Built Mathlib.Data.ZMod.Units (844ms)
✔ [3776/3792] Built Mathlib.Analysis.Complex.Arg (929ms)
✔ [3777/3793] Built Mathlib.FieldTheory.Finite.Trace (908ms)
✔ [3778/3793] Built Mathlib.Algebra.CharP.CharAndCard (805ms)
✔ [3779/3793] Built Mathlib.NumberTheory.MulChar.Lemmas (1.3s)
✔ [3780/3795] Built Mathlib.RingTheory.Polynomial.Cyclotomic.Basic (1.0s)
✔ [3781/3796] Built Mathlib.Tactic.NormNum.ModEq (655ms)
✔ [3782/3797] Built Mathlib.Data.Nat.Fib.Basic (978ms)
✔ [3783/3797] Built Mathlib.RingTheory.Polynomial.Cyclotomic.Roots (1.8s)
✔ [3784/3798] Built Mathlib.Tactic.NormNum.NatLog (706ms)
✔ [3785/3798] Built Mathlib.Tactic.NormNum.NatFib (768ms)
✔ [3786/3799] Built Mathlib.Tactic.NormNum.NatSqrt (602ms)
✔ [3787/3799] Built Mathlib.RingTheory.Polynomial.Cyclotomic.Expand (1.3s)
✔ [3788/3799] Built Mathlib.RingTheory.Polynomial.Cyclotomic.Eval (1.8s)
✔ [3789/3800] Built Mathlib.Tactic.NormNum.Ordinal (1.6s)
✔ [3790/3801] Built Mathlib.Tactic.NormNum.Parity (765ms)
✔ [3791/3802] Built Mathlib.Tactic.NormNum.PowMod (685ms)
✔ [3792/3803] Built Mathlib.Tactic.NormNum.Prime (917ms)
✔ [3793/3804] Built Mathlib.NumberTheory.Cyclotomic.Basic (5.1s)
✔ [3794/3805] Built Mathlib.Tactic.NormNum.RealSqrt (1.2s)
✔ [3795/3805] Built Mathlib.Tactic.PNatToNat (788ms)
✔ [3796/3806] Built Mathlib.Tactic.Polyrith (323ms)
✔ [3797/3806] Built Mathlib.Tactic.ProdAssoc (550ms)
✔ [3798/3809] Built Mathlib.Tactic.Recall (691ms)
✔ [3799/3810] Built Mathlib.Tactic.ReduceModChar.Ext (293ms)
✔ [3800/3810] Built Mathlib.Tactic.Relation.Symm (339ms)
✔ [3801/3811] Built Mathlib.NumberTheory.Cyclotomic.PrimitiveRoots (2.5s)
✔ [3802/3811] Built Mathlib.Tactic.Replace (339ms)
✔ [3803/3812] Built Mathlib.Tactic.ReduceModChar (1.5s)
✔ [3804/3812] Built Mathlib.Tactic.RewriteSearch (344ms)
✔ [3805/3812] Built Mathlib.NumberTheory.LegendreSymbol.AddCharacter (1.7s)
✔ [3806/3817] Built Mathlib.Tactic.Ring.NamePolyVars (770ms)
✔ [3807/3818] Built Mathlib.Algebra.Group.TypeTags.Pointwise (449ms)
✔ [3808/3818] Built Mathlib.Tactic.Sat.FromLRAT (1.1s)
✔ [3809/3819] Built Mathlib.NumberTheory.GaussSum (2.1s)
✔ [3810/3819] Built Mathlib.Tactic.SetNotationForOrder (858ms)
✔ [3811/3820] Built Mathlib.NumberTheory.LegendreSymbol.QuadraticChar.GaussSum (1.2s)
✔ [3812/3820] Built Mathlib.Data.Finsupp.Weight (2.5s)
✔ [3813/3821] Built Mathlib.Tactic.Simproc.Divisors (618ms)
✔ [3814/3822] Built Mathlib.NumberTheory.LegendreSymbol.QuadraticReciprocity (1.3s)
✔ [3815/3822] Built Mathlib.Tactic.Simproc.Factors (900ms)
✔ [3816/3822] Built Mathlib.Tactic.Simproc.FinsetInterval (1.7s)
✔ [3817/3823] Built Mathlib.NumberTheory.LegendreSymbol.JacobiSymbol (1.7s)
✔ [3818/3823] Built Mathlib.RingTheory.MvPowerSeries.Basic (3.7s)
✔ [3819/3824] Built Mathlib.Tactic.Simproc.VecPerm (866ms)
✔ [3820/3824] Built Mathlib.Tactic.StacksAttribute (273ms)
✔ [3821/3824] Built Mathlib.Tactic.Ring.NamePowerVars (783ms)
✔ [3822/3828] Built Mathlib.Tactic.NormNum.LegendreSymbol (1.9s)
✔ [3823/3828] Built Mathlib.Tactic.TypeCheck (256ms)
✔ [3824/3828] Built ProofWidgets.Component.PenroseDiagram (471ms)
✔ [3825/3830] Built ProofWidgets.Presentation.Expr (566ms)
✔ [3827/3839] Built Mathlib.Tactic.Widget.GCongr (388ms)
✔ [3828/3839] Built Mathlib.Tactic.Widget.CommDiag (646ms)
✔ [3829/3839] Built ProofWidgets.Component.HtmlDisplay (361ms)
✔ [3830/3839] Built Mathlib.Tactic.WithoutCDot (391ms)
ℹ [3831/3839] Built FSCProbes.Imports (2.2s)
info: FSCProbes/Imports.lean:18:0: WeakSimplex.IsCorrelation {m : ℕ} (R : Matrix (Fin m) (Fin m) ℝ) : Prop
info: FSCProbes/Imports.lean:19:0: WeakSimplex.Coord (m : ℕ) : Type
info: FSCProbes/Imports.lean:20:0: WeakSimplex.lowerOrthant {m : ℕ} (c : ℝ) : Set (WeakSimplex.Coord m)
info: FSCProbes/Imports.lean:21:0: WeakSimplex.measurableSet_lowerOrthant {m : ℕ} (c : ℝ) : MeasurableSet (WeakSimplex.lowerOrthant c)
info: FSCProbes/Imports.lean:22:0: WeakSimplex.regularSimplexGram (m : ℕ) : Matrix (Fin m) (Fin m) ℝ
info: FSCProbes/Imports.lean:23:0: WeakSimplex.gramNormalization {m : ℕ} (hm : 1 < m) (G : Matrix (Fin m) (Fin m) ℝ) (hG : WeakSimplex.IsCorrelation G) :
  WeakSimplex.IsWeakSimplexCov (((↑m - 1) / ↑m) • G + (1 / ↑m) • WeakSimplex.allOnesMatrix m) ∧
    WeakSimplex.IsCorrelation (WeakSimplex.regularSimplexGram m) ∧
      ((↑m - 1) / ↑m) • WeakSimplex.regularSimplexGram m + (1 / ↑m) • WeakSimplex.allOnesMatrix m = 1
info: FSCProbes/Imports.lean:24:0: WeakSimplex.map_codeScore_stdGaussian {m n : ℕ} (code : Fin m → WeakSimplex.Coord n) :
  MeasureTheory.Measure.map (fun y => WeakSimplex.Coord.ofFun fun i => inner ℝ (code i) y)
      (ProbabilityTheory.stdGaussian (WeakSimplex.Coord n)) =
    ProbabilityTheory.multivariateGaussian 0 (WeakSimplex.codeGram code)
info: FSCProbes/Imports.lean:25:0: WeakSimplex.normalPDF_pos (x : ℝ) : 0 < WeakSimplex.normalPDF x
info: FSCProbes/Imports.lean:26:0: WeakSimplex.hasDerivAt_normalPDF (x : ℝ) : HasDerivAt WeakSimplex.normalPDF (-x * WeakSimplex.normalPDF x) x
info: FSCProbes/Imports.lean:27:0: WeakSimplex.hasDerivAt_normalCDF (x : ℝ) : HasDerivAt WeakSimplex.normalCDF (WeakSimplex.normalPDF x) x
info: FSCProbes/Imports.lean:28:0: WeakSimplex.truncated_second_moment (s : ℝ) :
  ∫ (x : ℝ) in Set.Iic s, x ^ 2 * WeakSimplex.normalPDF x = WeakSimplex.normalCDF s - s * WeakSimplex.normalPDF s
info: FSCProbes/Imports.lean:29:0: WeakSimplex.isLogConcave_lintegral_right.{u, v} {E : Type u} {ι : Type v} [AddCommMonoid E] [Module ℝ E] [Fintype ι]
  {F : E → (ι → ℝ) → ENNReal} (hF_meas : ∀ (x : E), Measurable (F x))
  (hF_lc : WeakSimplex.IsLogConcave fun p => F p.1 p.2) : WeakSimplex.IsLogConcave fun x => ∫⁻ (y : ι → ℝ), F x y
info: FSCProbes/Imports.lean:30:0: WeakSimplex.measurable_isLogConcave_lintegral_right.{u, v} {E : Type u} {ι : Type v} [MeasurableSpace E]
  [AddCommMonoid E] [Module ℝ E] [Fintype ι] {F : E → (ι → ℝ) → ENNReal} (hF_meas : Measurable (Function.uncurry F))
  (hF_lc : WeakSimplex.IsLogConcave fun p => F p.1 p.2) :
  (Measurable fun x => ∫⁻ (y : ι → ℝ), F x y) ∧ WeakSimplex.IsLogConcave fun x => ∫⁻ (y : ι → ℝ), F x y
info: FSCProbes/Imports.lean:31:0: WeakSimplex.map_gaussianRegularization_eq_multivariateGaussian {m : ℕ} (R : Matrix (Fin m) (Fin m) ℝ)
  (hR : R.PosSemidef) (ε : ℝ) (hε₀ : 0 ≤ ε) (hε₁ : ε ≤ 1) :
  MeasureTheory.Measure.map (WeakSimplex.gaussianRegularizationMap ε)
      ((ProbabilityTheory.multivariateGaussian 0 R).prod (ProbabilityTheory.stdGaussian (WeakSimplex.Coord m))) =
    ProbabilityTheory.multivariateGaussian 0 ((1 - ε) • R + ε • 1)
info: FSCProbes/Imports.lean:32:0: WeakSimplex.tendstoInDistribution_regularized_multivariateGaussian {m : ℕ} (R : Matrix (Fin m) (Fin m) ℝ)
  (hR : R.PosSemidef) :
  MeasureTheory.TendstoInDistribution (fun x => id) Filter.atTop id
    (fun n => ProbabilityTheory.multivariateGaussian 0 ((1 - (1 / 2) ^ (n + 1)) • R + (1 / 2) ^ (n + 1) • 1))
    (ProbabilityTheory.multivariateGaussian 0 R)
info: FSCProbes/Imports.lean:33:0: ProbabilityTheory.multivariateGaussian.{u_1} {ι : Type u_1} [Fintype ι] [DecidableEq ι] (μ : EuclideanSpace ℝ ι)
  (S : Matrix ι ι ℝ) : MeasureTheory.Measure (EuclideanSpace ℝ ι)
info: FSCProbes/Imports.lean:34:0: ProbabilityTheory.multivariateGaussian_of_not_posSemidef.{u_1} {ι : Type u_1} [Fintype ι] [DecidableEq ι]
  (μ : EuclideanSpace ℝ ι) {S : Matrix ι ι ℝ} (hS : ¬S.PosSemidef) :
  ProbabilityTheory.multivariateGaussian μ S = MeasureTheory.Measure.dirac μ
info: FSCProbes/Imports.lean:35:0: ProbabilityTheory.IsGaussian.ext.{u_1} {E : Type u_1} [NormedAddCommGroup E] [SecondCountableTopology E]
  [CompleteSpace E] [MeasurableSpace E] [BorelSpace E] {μ : MeasureTheory.Measure E} [InnerProductSpace ℝ E]
  {ν : MeasureTheory.Measure E} [ProbabilityTheory.IsGaussian μ] [ProbabilityTheory.IsGaussian ν]
  (hm : ∫ (x : E), id x ∂μ = ∫ (x : E), id x ∂ν)
  (hv : ProbabilityTheory.covarianceBilin μ = ProbabilityTheory.covarianceBilin ν) : μ = ν
info: FSCProbes/Imports.lean:36:0: ProbabilityTheory.HasGaussianLaw.indepFun_of_covariance_eval.{u_1, u_4, u_5} {Ω : Type u_1} {mΩ : MeasurableSpace Ω}
  {P : MeasureTheory.Measure Ω} {ι : Type u_4} {κ : Type u_5} [Finite ι] [Finite κ] {X : ι → Ω → ℝ} {Y : κ → Ω → ℝ}
  (hXY : ProbabilityTheory.HasGaussianLaw (fun ω => (fun i => X i ω, fun j => Y j ω)) P)
  (h : ∀ (i : ι) (j : κ), ProbabilityTheory.covariance (X i) (Y j) P = 0) :
  ProbabilityTheory.IndepFun (fun ω i => X i ω) (fun ω j => Y j ω) P
info: FSCProbes/Imports.lean:37:0: ProbabilityTheory.measurePreserving_eval_multivariateGaussian.{u_1} {ι : Type u_1} [Fintype ι] [DecidableEq ι]
  {μ : EuclideanSpace ℝ ι} {S : Matrix ι ι ℝ} (hS : S.PosSemidef) {i : ι} :
  MeasureTheory.MeasurePreserving (fun x => x.ofLp i) (ProbabilityTheory.multivariateGaussian μ S)
    (ProbabilityTheory.gaussianReal (μ.ofLp i) (S i i).toNNReal)
info: FSCProbes/Imports.lean:38:0: MeasureTheory.ProbabilityMeasure.tendsto_of_tendsto_charFun.{u_1} {E : Type u_1} [NormedAddCommGroup E]
  [InnerProductSpace ℝ E] [FiniteDimensional ℝ E] [MeasurableSpace E] [BorelSpace E]
  {μ₀ : MeasureTheory.ProbabilityMeasure E} {μ : ℕ → MeasureTheory.ProbabilityMeasure E}
  (h :
    ∀ (t : E),
      Filter.Tendsto (fun n => MeasureTheory.charFun (↑(μ n)) t) Filter.atTop (nhds (MeasureTheory.charFun (↑μ₀) t))) :
  Filter.Tendsto μ Filter.atTop (nhds μ₀)
info: FSCProbes/Imports.lean:39:0: MeasureTheory.ProbabilityMeasure.tendsto_measure_of_null_frontier_of_tendsto'.{u_1, u_2} {Ω : Type u_1} {ι : Type u_2}
  {L : Filter ι} [MeasurableSpace Ω] [TopologicalSpace Ω] [OpensMeasurableSpace Ω] [HasOuterApproxClosed Ω]
  {μ : MeasureTheory.ProbabilityMeasure Ω} {μs : ι → MeasureTheory.ProbabilityMeasure Ω}
  (μs_lim : Filter.Tendsto μs L (nhds μ)) {E : Set Ω} (E_nullbdry : ↑μ (frontier E) = 0) :
  Filter.Tendsto (fun i => ↑(μs i) E) L (nhds (↑μ E))
info: FSCProbes/Imports.lean:40:0: MeasureTheory.Measure.integral_comp_smul.{u_1, u_2} {E : Type u_1} [NormedAddCommGroup E] [NormedSpace ℝ E]
  [MeasurableSpace E] [BorelSpace E] [FiniteDimensional ℝ E] (μ : MeasureTheory.Measure E) [μ.IsAddHaarMeasure]
  {F : Type u_2} [NormedAddCommGroup F] [NormedSpace ℝ F] (f : E → F) (R : ℝ) :
  ∫ (x : E), f (R • x) ∂μ = |(R ^ Module.finrank ℝ E)⁻¹| • ∫ (x : E), f x ∂μ
info: FSCProbes/Imports.lean:41:0: hasDerivAt_integral_of_dominated_loc_of_deriv_le.{u_1, u_2, u_3} {α : Type u_1} [MeasurableSpace α]
  {μ : MeasureTheory.Measure α} {𝕜 : Type u_2} [RCLike 𝕜] {E : Type u_3} [NormedAddCommGroup E] [NormedSpace ℝ E]
  [NormedSpace 𝕜 E] {bound : α → ℝ} {F : 𝕜 → α → E} {x₀ : 𝕜} {s : Set 𝕜} (hs : s ∈ nhds x₀)
  (hF_meas : ∀ᶠ (x : 𝕜) in nhds x₀, MeasureTheory.AEStronglyMeasurable (F x) μ)
  (hF_int : MeasureTheory.Integrable (F x₀) μ) {F' : 𝕜 → α → E}
  (hF'_meas : MeasureTheory.AEStronglyMeasurable (F' x₀) μ) (h_bound : ∀ᵐ (a : α) ∂μ, ∀ x ∈ s, ‖F' x a‖ ≤ bound a)
  (bound_integrable : MeasureTheory.Integrable bound μ)
  (h_diff : ∀ᵐ (a : α) ∂μ, ∀ x ∈ s, HasDerivAt (fun x => F x a) (F' x a) x) :
  MeasureTheory.Integrable (F' x₀) μ ∧ HasDerivAt (fun n => ∫ (a : α), F n a ∂μ) (∫ (a : α), F' x₀ a ∂μ) x₀
info: FSCProbes/Imports.lean:42:0: Matrix.PosDef.fromBlocks₁₁.{u_1, u_2, u_4} {m : Type u_1} {n : Type u_2} {R' : Type u_4} [CommRing R'] [PartialOrder R']
  [StarRing R'] [Fintype m] [StarOrderedRing R'] [Finite n] [DecidableEq m] {A : Matrix m m R'} (B : Matrix m n R')
  (D : Matrix n n R') (hA : A.PosDef) [Invertible A] :
  (Matrix.fromBlocks A B B.conjTranspose D).PosSemidef ↔ (D - B.conjTranspose * A⁻¹ * B).PosSemidef
info: FSCProbes/Imports.lean:127:0: theorem FSCProbes.Imports.gram_lowerOrthant : ∀ {m d : ℕ} (code : Fin m → Coord d) (t : ℝ),
  (multivariateGaussian 0 (codeGram code)) (lowerOrthant t) =
    (stdGaussian (Coord d)) {y | ∀ (i : Fin m), ⟪code i, y⟫_ℝ ≤ t} :=
fun {m d} code t =>
  Eq.mpr
    (id
      (congrArg (fun _a => _a (lowerOrthant t) = (stdGaussian (Coord d)) {y | ∀ (i : Fin m), ⟪code i, y⟫_ℝ ≤ t})
        (Eq.symm (map_codeScore_stdGaussian code))))
    (Eq.mpr
      (id
        (congrArg (fun _a => _a = (stdGaussian (Coord d)) {y | ∀ (i : Fin m), ⟪code i, y⟫_ℝ ≤ t})
          (Measure.map_apply
            (id
              (Measurable.fun_comp (WithLp.measurable_toLp 2 (Fin m → ℝ))
                (measurable_pi_lambda (fun y i => ⟪code i, y⟫_ℝ) fun a =>
                  Continuous.measurable (Continuous.inner continuous_const continuous_id'))))
            (measurableSet_lowerOrthant t))))
      (Eq.refl ((stdGaussian (Coord d)) ((fun y => Coord.ofFun fun i => ⟪code i, y⟫_ℝ) ⁻¹' lowerOrthant t))))
info: FSCProbes/Imports.lean:128:0: theorem FSCProbes.Imports.joint_linear_image_factorization : ∀ {d m k : ℕ} (G : Matrix (Fin d) (Fin d) ℝ)
  (A : Coord d →L[ℝ] Fin m → ℝ) (B : Coord d →L[ℝ] Fin k → ℝ),
  (∀ (i : Fin m) (j : Fin k), cov[fun x => A x i, fun x => B x j; multivariateGaussian 0 G] = 0) →
    Measure.map (fun x => (A x, B x)) (multivariateGaussian 0 G) =
      (Measure.map (⇑A) (multivariateGaussian 0 G)).prod (Measure.map (⇑B) (multivariateGaussian 0 G)) :=
fun {d m k} G A B hcross =>
  have hjoint := HasGaussianLaw.map IsGaussian.hasGaussianLaw_id (A.prod B);
  have hindep := HasGaussianLaw.indepFun_of_covariance_eval hjoint hcross;
  IndepFun.map_prod_eq_prod_map_map (Measurable.aemeasurable (ContinuousLinearMap.measurable A))
    (Measurable.aemeasurable (ContinuousLinearMap.measurable B)) hindep
info: FSCProbes/Imports.lean:129:0: theorem FSCProbes.Imports.affine_image_isGaussian : ∀ {d m : ℕ} (G : Matrix (Fin d) (Fin d) ℝ)
  (A : Coord d →L[ℝ] Coord m) (b : Coord m), IsGaussian (Measure.map (fun x => A x + b) (multivariateGaussian 0 G)) :=
fun {d m} G A b =>
  have hmap :=
    Eq.mpr
      (id
        (congrArg (fun _a => _a = Measure.map (fun x => A x + b) (multivariateGaussian 0 G))
          (Measure.map_map (Measurable.add_const measurable_id' b) (ContinuousLinearMap.measurable A))))
      (Eq.refl (Measure.map ((fun y => y + b) ∘ ⇑A) (multivariateGaussian 0 G)));
  Eq.mpr (id (congrArg (fun _a => IsGaussian _a) (Eq.symm hmap))) inferInstance
info: FSCProbes/Imports.lean:130:0: theorem FSCProbes.Imports.convex_support_marginal : ∀ {m d : ℕ} (s : Set ((Fin m → ℝ) × (Fin d → ℝ))),
  MeasurableSet s →
    Convex ℝ s →
      (Measurable fun r => ∫⁻ (y : Fin d → ℝ), convexIndicator s (r, y)) ∧
        IsLogConcave fun r => ∫⁻ (y : Fin d → ℝ), convexIndicator s (r, y) :=
fun {m d} s hs hc =>
  measurable_isLogConcave_lintegral_right (measurable_convexIndicator hs) (isLogConcave_convexIndicator hc)
info: FSCProbes/Imports.lean:131:0: theorem FSCProbes.Imports.schur_complement_posSemidef : ∀ {m d : ℕ} (A : Matrix (Fin m) (Fin m) ℝ)
  (B : Matrix (Fin m) (Fin d) ℝ) (D : Matrix (Fin d) (Fin d) ℝ),
  A.PosDef →
    ∀ [Invertible A],
      (Matrix.fromBlocks A B B.conjTranspose D).PosSemidef → (D - B.conjTranspose * A⁻¹ * B).PosSemidef :=
fun {m d} A B D hA [Invertible A] hblock => (Matrix.PosDef.fromBlocks₁₁ B D hA).mp hblock
info: FSCProbes/Imports.lean:132:0: theorem FSCProbes.Imports.haar_scaling : ∀ {d : ℕ} (f : (Fin d → ℝ) → ℝ) (r : ℝ),
  ∫ (x : Fin d → ℝ), f (r • x) = |(r ^ d)⁻¹| * ∫ (x : Fin d → ℝ), f x :=
fun {d} f r =>
  Eq.mpr
    (id
      (congrArg (Eq (∫ (x : Fin d → ℝ), f (r • x)))
        (congrFun' (congrArg HMul.hMul (Eq.trans (abs_inv (r ^ d)) (congrArg Inv.inv (abs_pow r d))))
          (∫ (x : Fin d → ℝ), f x))))
    (Eq.mp
      (congrArg (Eq (∫ (x : Fin d → ℝ), f (r • x)))
        (congrFun'
          (congrArg HSMul.hSMul
            (Eq.trans
              (Eq.trans
                (congrArg abs
                  (congrArg Inv.inv
                    (congrArg (HPow.hPow r) (Eq.trans (Module.finrank_fintype_fun_eq_card ℝ) (Fintype.card_fin d)))))
                (abs_inv (r ^ d)))
              (congrArg Inv.inv (abs_pow r d))))
          (∫ (x : Fin d → ℝ), f x)))
      (Measure.integral_comp_smul ℙ f r))
info: FSCProbes/Imports.lean:133:0: theorem FSCProbes.Imports.hasDerivAt_integral_mul.{u_1} : ∀ {α : Type u_1} [inst : MeasurableSpace α] (μ : Measure α)
  (f : α → ℝ), Integrable f μ → ∀ (x₀ : ℝ), HasDerivAt (fun x => ∫ (a : α), x * f a ∂μ) (∫ (a : α), f a ∂μ) x₀ :=
fun {α} [MeasurableSpace α] μ f hf x₀ =>
  have h :=
    hasDerivAt_integral_of_dominated_loc_of_deriv_le univ_mem
      (Eventually.of_forall fun x => Integrable.aestronglyMeasurable (Integrable.const_mul hf x))
      (Integrable.const_mul hf x₀) (Integrable.aestronglyMeasurable hf) (Eventually.of_forall fun x x_1 x_2 => le_rfl)
      (Integrable.norm hf)
      (Eventually.of_forall fun a x x_1 =>
        Eq.mp
          (HasDerivAt.congr_simp (fun y => id y * f a) (fun y => y * f a) (id (Eq.refl fun y => y * f a)) (1 * f a)
            (f a) (one_mul (f a)) x x (Eq.refl x))
          (HasDerivAt.mul_const (hasDerivAt_id x) (f a)));
  h.right
info: FSCProbes/Imports.lean:134:0: 'FSCProbes.Imports.gram_lowerOrthant' depends on axioms: [propext, Classical.choice, Quot.sound]
info: FSCProbes/Imports.lean:135:0: 'FSCProbes.Imports.joint_linear_image_factorization' depends on axioms: [propext, Classical.choice, Quot.sound]
info: FSCProbes/Imports.lean:136:0: 'FSCProbes.Imports.affine_image_isGaussian' depends on axioms: [propext, Classical.choice, Quot.sound]
info: FSCProbes/Imports.lean:137:0: 'FSCProbes.Imports.convex_support_marginal' depends on axioms: [propext, Classical.choice, Quot.sound]
info: FSCProbes/Imports.lean:138:0: 'FSCProbes.Imports.schur_complement_posSemidef' depends on axioms: [propext, Classical.choice, Quot.sound]
info: FSCProbes/Imports.lean:139:0: 'FSCProbes.Imports.haar_scaling' depends on axioms: [propext, Classical.choice, Quot.sound]
info: FSCProbes/Imports.lean:140:0: 'FSCProbes.Imports.hasDerivAt_integral_mul' depends on axioms: [propext, Classical.choice, Quot.sound]
✔ [3832/3839] Built Mathlib.Tactic.Widget.StringDiagram (3.0s)
✔ [3833/3839] Built Mathlib.Tactic (1.1s)
✔ [3834/3839] Built FSCProbes.SingularTriangle (3.7s)
✔ [3835/3839] Built FSCProbes.TriangleThreshold (2.7s)
✔ [3836/3839] Built FSCProbes.TriangleVariation (3.8s)
✔ [3837/3839] Built FSCProbes.UniversalAnalyticAdverses (2.3s)
✔ [3838/3839] Built FSCProbes (1.4s)
Build completed successfully (3839 jobs).
